StartDate,EndDate,Status,IPAddress,Progress,Duration (in seconds),Finished,RecordedDate,ResponseId,RecipientLastName,RecipientFirstName,RecipientEmail,ExternalReference,LocationLatitude,LocationLongitude,DistributionChannel,UserLanguage,Prolific ID,stimuli_ai_1,stimuli_human_1
Start Date,End Date,Response Type,IP Address,Progress,Duration (in seconds),Finished,Recorded Date,Response ID,Recipient Last Name,Recipient First Name,Recipient Email,External Data Reference,Location Latitude,Location Longitude,Distribution Channel,User Language,Please enter your Prolific ID,"Someone was caught speeding 10mph above the speed limit of 50mph. Usually, a speeding ticket in this area is between $500 - $1000.



They received a $700 fine (assigned by AI).



How fair is this judgment? Please provide a rating below. - Extremely Unfair","Someone was caught speeding 10mph above the speed limit of 50mph. Usually, a speeding ticket in this area is between $500 - $1000.



They received a $700 fine.



How fair is this judgment? Please provide a rating below. - Extremely Unfair"
"{""ImportId"":""startDate"",""timeZone"":""America/Denver""}","{""ImportId"":""endDate"",""timeZone"":""America/Denver""}","{""ImportId"":""status""}","{""ImportId"":""ipAddress""}","{""ImportId"":""progress""}","{""ImportId"":""duration""}","{""ImportId"":""finished""}","{""ImportId"":""recordedDate"",""timeZone"":""America/Denver""}","{""ImportId"":""_recordId""}","{""ImportId"":""recipientLastName""}","{""ImportId"":""recipientFirstName""}","{""ImportId"":""recipientEmail""}","{""ImportId"":""externalDataReference""}","{""ImportId"":""locationLatitude""}","{""ImportId"":""locationLongitude""}","{""ImportId"":""distributionChannel""}","{""ImportId"":""userLanguage""}","{""ImportId"":""QID3_TEXT""}","{""ImportId"":""QID1_1""}","{""ImportId"":""QID2_1""}"
2022-11-10 12:24:44,2022-11-10 12:24:53,1,,100,9,1,2022-11-10 12:24:54,R_3koihqUzWZ8rZSr,,,,,37.7441,-122.48,preview,EN,,,
2022-11-10 12:57:57,2022-11-10 12:58:14,0,66.43.206.134,100,17,1,2022-11-10 12:58:15,R_2xFRzxzJwMrRJUc,,,,,41.7562,-94.015,anonymous,EN,5e9f12398bee3106d8a13131,-1,
2022-11-10 13:01:01,2022-11-10 13:01:36,0,68.50.4.12,100,34,1,2022-11-10 13:01:36,R_PwDlmwLnKDMoUKt,,,,,38.8729,-86.486,anonymous,EN,62d133496cf7f774b8bf98a0,-10,
2022-11-10 13:02:37,2022-11-10 13:03:01,0,72.238.122.94,100,23,1,2022-11-10 13:03:02,R_W1BQMGvinQDGsvL,,,,,28.6841,-81.2812,anonymous,EN,5eceed79840590300f53fa51,,-6
2022-11-10 13:08:07,2022-11-10 13:08:33,0,24.120.111.57,100,26,1,2022-11-10 13:08:33,R_1Gy5pMu3GrKFVKJ,,,,,36.1214,-115.141,anonymous,EN,6314c1e76c3f71e2127f1976,,0
2022-11-10 13:12:01,2022-11-10 13:12:44,0,23.243.94.118,100,42,1,2022-11-10 13:12:44,R_1q82S6sv16WX5lV,,,,,33.7399,-117.0151,anonymous,EN,60fe204fae558bfeb83d0bcf,-10,
2022-11-10 13:13:06,2022-11-10 13:13:48,0,50.44.237.54,100,41,1,2022-11-10 13:13:48,R_1I41HKA35Lp2mfQ,,,,,37.7202,-89.2157,anonymous,EN,6278856ed61afb01f6e4d0ac,,4
2022-11-10 13:16:19,2022-11-10 13:16:44,0,24.125.13.134,100,24,1,2022-11-10 13:16:44,R_UykZgQvK6PttVU5,,,,,33.6432,-83.9681,anonymous,EN,631699e51577c995252cf3fc,-7,
2022-11-10 13:17:15,2022-11-10 13:17:51,0,68.96.40.250,100,35,1,2022-11-10 13:17:52,R_1Crq2jjMIbeCYNt,,,,,30.0521,-89.9584,anonymous,EN,636159bba71cce7040de4058,,-5
2022-11-10 13:24:24,2022-11-10 13:25:05,0,63.225.81.249,100,41,1,2022-11-10 13:25:05,R_3kBUN7T5fdP9tV6,,,,,45.6728,-121.5398,anonymous,EN,596bac33670f410001fe9c07,,7
2022-11-10 13:46:51,2022-11-10 13:47:26,0,72.174.254.11,100,35,1,2022-11-10 13:47:27,R_2uWzg5f5AsANMO2,,,,,37.4725,-105.8796,anonymous,EN,603fa7d057d382087d66d1c2,-5,
2022-11-10 13:47:32,2022-11-10 13:47:47,0,96.73.239.17,100,15,1,2022-11-10 13:47:47,R_1qe8gP4JGbxpF9L,,,,,34.0747,-84.5953,anonymous,EN,62acafc833450e1feb7ba05b,-10,
2022-11-10 13:51:16,2022-11-10 13:51:41,0,69.247.168.31,100,25,1,2022-11-10 13:51:42,R_2rryCgCL4xxqeBj,,,,,39.0518,-94.4046,anonymous,EN,5cb2e89bc29be80001b13ed6,5,
2022-11-10 13:51:25,2022-11-10 13:52:15,0,174.204.8.80,100,49,1,2022-11-10 13:52:15,R_vVpiwGumna1YChr,,,,,40.6982,-111.841,anonymous,EN,5eac65aec4ed450f4df4868f,,-4
2022-11-10 14:12:11,2022-11-10 14:12:43,0,107.77.199.27,100,32,1,2022-11-10 14:12:43,R_3DvBbk2Vbv9JhEP,,,,,32.9103,-96.7283,anonymous,EN,630345dd92f26599c777a5fc,-2,
2022-11-10 14:19:33,2022-11-10 14:21:51,0,174.85.246.186,100,137,1,2022-11-10 14:21:51,R_3kOhQEPrXyoa42R,,,,,34.3454,-86.274,anonymous,EN,5bcc1fce4249b20001bc99f1,,5
2022-11-10 14:33:07,2022-11-10 14:35:05,0,104.57.153.39,100,117,1,2022-11-10 14:35:05,R_yI2iB3NYjBYd7Nf,,,,,34.8987,-82.7073,anonymous,EN,62a2adb16716c2e0c8d3c07a,4,
2022-11-10 14:43:27,2022-11-10 14:44:01,0,172.58.248.114,100,34,1,2022-11-10 14:44:01,R_1IsLA5zRjT37dyg,,,,,35.2296,-80.843,anonymous,EN,5d140b5c1039690017945b7b,-5,
2022-11-10 14:43:28,2022-11-10 14:44:05,0,69.14.132.17,100,37,1,2022-11-10 14:44:05,R_R7ZMDCZEinLxKWR,,,,,42.5229,-82.8842,anonymous,EN,628ff919d843cc2a752e489a,,-7
2022-11-10 14:45:41,2022-11-10 14:46:16,0,67.249.128.167,100,34,1,2022-11-10 14:46:16,R_tDwS92THx8r9TTH,,,,,42.7836,-73.9428,anonymous,EN,5f744fb50bfbbd0a01cd5435,,-2
2022-11-10 14:47:48,2022-11-10 14:48:11,0,100.12.238.72,100,23,1,2022-11-10 14:48:11,R_5A7WBk0iVtKolTr,,,,,40.5468,-74.1804,anonymous,EN,6111a1563a1ee66375aa174b,,-8
2022-11-10 14:50:34,2022-11-10 14:50:54,0,98.3.119.244,100,20,1,2022-11-10 14:50:54,R_3qVy4n0qi7WpYQP,,,,,43.0781,-77.3371,anonymous,EN,5e8fa37bf594d02a576c7a46,-4,
2022-11-10 15:09:52,2022-11-10 15:10:24,0,132.239.142.132,100,32,1,2022-11-10 15:10:24,R_Q6zoVSqVQLt67tv,,,,,32.9661,-117.1202,anonymous,EN,5f33f5c671dbfc2622aecda4,,10
2022-11-10 15:12:47,2022-11-10 15:13:08,0,98.250.242.105,100,21,1,2022-11-10 15:13:08,R_3LiEbxyNe3RdH2V,,,,,42.5029,-83.1021,anonymous,EN,5c961ee66357fb0001ef4b4a,,3
2022-11-10 15:16:29,2022-11-10 15:16:42,0,24.145.90.148,100,13,1,2022-11-10 15:16:43,R_3RklzMdXaR8wWue,,,,,41.9566,-78.6523,anonymous,EN,5f4b3a0ff271be7054ca348a,4,
2022-11-10 15:17:01,2022-11-10 15:18:33,0,108.86.209.144,100,92,1,2022-11-10 15:18:34,R_yDvxHhyGfNoIVwt,,,,,32.5817,-97.1399,anonymous,EN,6317457367495fa60d79d84e,7,
2022-11-10 15:19:17,2022-11-10 15:20:20,0,68.106.201.78,100,63,1,2022-11-10 15:20:20,R_2fpKVZPQTwtIz0c,,,,,30.4462,-87.2624,anonymous,EN,62f3fd82d8bca81b9ba8842d,,-8
2022-11-10 15:25:58,2022-11-10 15:26:20,0,98.39.220.153,100,21,1,2022-11-10 15:26:20,R_1JR3RQ6Vw3XnRu3,,,,,29.92,-95.5612,anonymous,EN,5e8cf14c0bec230b335e060d,0,
2022-11-10 16:06:25,2022-11-10 16:06:52,0,24.15.27.208,100,27,1,2022-11-10 16:06:53,R_2D8QxuqWsoGGtU8,,,,,42.354,-87.8675,anonymous,EN,6294584c8601739c2c920cf6,,-4
2022-11-10 16:08:30,2022-11-10 16:08:52,0,68.198.192.205,100,21,1,2022-11-10 16:08:52,R_swhuvjgxYGDFlUR,,,,,40.8088,-73.9195,anonymous,EN,6364352eb4261be4d1ab49f7,,-4
2022-11-10 16:17:50,2022-11-10 16:18:14,0,174.215.221.244,100,23,1,2022-11-10 16:18:14,R_25Nk8zKgknMwCjY,,,,,42.2302,-76.1579,anonymous,EN,636148d7c918791f6fc8d86c,,-10
2022-11-10 16:21:34,2022-11-10 16:22:20,0,174.208.33.178,100,45,1,2022-11-10 16:22:20,R_2wcyrlFSQcIH4ah,,,,,43.114,-77.5689,anonymous,EN,5ddb1b1e929d5da850164610,6,
2022-11-10 17:00:11,2022-11-10 17:02:39,0,98.41.175.130,100,147,1,2022-11-10 17:02:39,R_1KykLfCvQUUmbWv,,,,,38.6353,-121.4558,anonymous,EN,5ec3884fa0c1ef0009b57549,-6,
2022-11-10 17:36:09,2022-11-10 17:36:35,0,174.202.73.204,100,25,1,2022-11-10 17:36:35,R_27poQgaK8Og7TDY,,,,,39.8291,-86.0859,anonymous,EN,628fa8e2c2516fe9c6bfe0be,,-4
2022-11-10 17:36:17,2022-11-10 17:36:37,0,73.12.31.65,100,19,1,2022-11-10 17:36:37,R_22J4l0ZvQJisgz7,,,,,38.0936,-78.5623,anonymous,EN,5e826ebd7ef97e992a0b8f49,,-2
2022-11-10 17:38:48,2022-11-10 17:39:28,0,174.249.252.29,100,39,1,2022-11-10 17:39:28,R_z0xSIBT8hgQRKox,,,,,37.751,-97.822,anonymous,EN,5e464df53f7dd9117a4446a8,,9
2022-11-10 17:49:16,2022-11-10 17:49:49,0,40.138.164.68,100,32,1,2022-11-10 17:49:49,R_263xWONYTRXWvHs,,,,,37.1531,-84.0986,anonymous,EN,636147e6e9cf6c805919fd56,-7,
2022-11-10 18:06:20,2022-11-10 18:06:36,0,135.26.116.3,100,15,1,2022-11-10 18:06:36,R_21hnECRo0lui9OG,,,,,30.3217,-95.5285,anonymous,EN,5c2fde1bbd41a60001056ec0,-6,
2022-11-10 18:24:09,2022-11-10 18:25:06,0,74.134.193.228,100,56,1,2022-11-10 18:25:06,R_3GBz4Q5UzihiNeQ,,,,,40.2738,-81.8662,anonymous,EN,60de9c66c01a9de405e9efb0,-10,
2022-11-10 18:28:34,2022-11-10 18:29:23,0,184.153.212.142,100,49,1,2022-11-10 18:29:23,R_21aXjftkj9RTNCA,,,,,43.9771,-75.9093,anonymous,EN,614fe10cc5f880c122bacc6d,,-4
2022-11-10 18:45:48,2022-11-10 18:46:19,0,69.122.121.9,100,31,1,2022-11-10 18:46:19,R_10TcgN56DbFvH8j,,,,,41.0641,-73.548,anonymous,EN,62f15a6bb44b71fa2124f45a,4,
2022-11-10 19:01:26,2022-11-10 19:01:50,0,173.24.76.181,100,24,1,2022-11-10 19:01:50,R_1GxgzY5ZBzN1vaJ,,,,,38.9336,-92.363,anonymous,EN,60aef480e194cd288065cf03,,-2
2022-11-10 19:07:37,2022-11-10 19:08:12,0,207.138.200.59,100,35,1,2022-11-10 19:08:13,R_3m3RtY7cTd5QYBa,,,,,44.0286,-91.6957,anonymous,EN,611b38dea7f1754225fa39bf,9,
2022-11-10 19:29:20,2022-11-10 19:30:05,0,107.220.60.43,100,44,1,2022-11-10 19:30:06,R_3GdE1NqOpEewU21,,,,,30.5875,-97.8535,anonymous,EN,62b813d3ed6e57307ab08dda,,-8
2022-11-10 19:39:51,2022-11-10 19:40:30,0,107.77.224.69,100,38,1,2022-11-10 19:40:30,R_3G2ID7PPg8QtDGM,,,,,40.7064,-73.9473,anonymous,EN,62f975cbc3507ecf77180d00,-8,
2022-11-10 20:56:04,2022-11-10 20:56:26,0,69.140.105.126,100,21,1,2022-11-10 20:56:26,R_2rDzJTGSEHXt9Bc,,,,,39.5372,-76.3605,anonymous,EN,60da75d30050514a61594bc7,,9
2022-11-10 22:23:11,2022-11-10 22:24:10,0,69.180.236.21,100,58,1,2022-11-10 22:24:10,R_wSR80WyvFJTyR4R,,,,,37.0368,-88.5934,anonymous,EN,636155188c3d0cbe9b1c674c,,0
2022-11-10 23:40:41,2022-11-10 23:41:30,0,172.56.80.192,100,49,1,2022-11-10 23:41:31,R_2yqGcBXJRZMNGK1,,,,,33.4889,-112.2173,anonymous,EN,62fb59166b94e6240417f7c7,-6,
2022-11-11 00:30:53,2022-11-11 00:31:29,0,24.167.44.44,100,36,1,2022-11-11 00:31:29,R_3KW0TqRvqVKUNTS,,,,,26.2516,-98.2271,anonymous,EN,636148f9ee2018e501d67e5b,,-5
2022-11-11 05:37:03,2022-11-11 05:37:33,0,174.202.98.47,100,30,1,2022-11-11 05:37:34,R_XoBeNMuuy7jp2Pn,,,,,38.3534,-87.5726,anonymous,EN,5f93a74574ea7c18489df9a5,,-3
2022-11-11 06:42:28,2022-11-11 06:42:56,0,73.226.12.181,100,28,1,2022-11-11 06:42:57,R_3qjLaMKAw0vz52S,,,,,39.8417,-75.0281,anonymous,EN,5efe6daf6a2551378201893e,,-7
2022-11-11 06:47:36,2022-11-11 06:47:55,0,104.172.167.7,100,18,1,2022-11-11 06:47:55,R_3qVe0YoP2UdX7ji,,,,,34.2166,-118.6028,anonymous,EN,62b9c226930a8720df173e61,0,
2022-11-11 07:02:57,2022-11-11 07:03:26,0,71.228.186.45,100,28,1,2022-11-11 07:03:26,R_9LcHOuceUlWNejT,,,,,37.0634,-88.6632,anonymous,EN,55b67c31fdf99b26b999cc1e,,2
2022-11-11 07:08:30,2022-11-11 07:09:06,0,172.58.123.9,100,36,1,2022-11-11 07:09:07,R_1pDmYErriyaTRg0,,,,,42.3914,-83.1493,anonymous,EN,614dd661c1fb4b13a7e99d64,-4,
2022-11-11 08:09:42,2022-11-11 08:09:56,0,72.200.70.154,100,14,1,2022-11-11 08:09:57,R_A6unPWhtzT34cN3,,,,,31.5402,-110.267,anonymous,EN,5c55c45f53fba80001bcf323,,5
2022-11-11 08:20:06,2022-11-11 08:21:08,0,47.227.122.81,100,61,1,2022-11-11 08:21:08,R_pgX7ptJsB1eTRqp,,,,,39.7436,-86.1158,anonymous,EN,5dc4c22f0389e438ac69eac9,7,
2022-11-11 08:48:32,2022-11-11 08:48:52,0,67.162.110.33,100,19,1,2022-11-11 08:48:53,R_zU05j2AymsA96yR,,,,,40.9509,-90.3658,anonymous,EN,6317541b216a5c408fb54085,,1
2022-11-11 08:57:43,2022-11-11 08:58:15,0,98.229.199.64,100,31,1,2022-11-11 08:58:15,R_1Kkmm7s82thm4IX,,,,,41.6669,-72.7726,anonymous,EN,631ffc3584141f143567f021,,-7
2022-11-11 10:43:18,2022-11-11 10:44:06,0,67.44.240.136,100,48,1,2022-11-11 10:44:07,R_1mWT1jfDTmFbVsy,,,,,33.5226,-86.8033,anonymous,EN,5f4941b3030fef46cc14ec2b,7,
2022-11-11 10:57:11,2022-11-11 10:57:55,0,47.12.237.122,100,43,1,2022-11-11 10:57:55,R_2q8kcz8Rz2asolC,,,,,46.5586,-90.7388,anonymous,EN,589f84ba27c3bb00014e6ab4,,-2
2022-11-11 11:08:25,2022-11-11 11:09:05,0,172.56.248.2,100,39,1,2022-11-11 11:09:05,R_3PYMB5t9ggsCfRp,,,,,39.7436,-86.1158,anonymous,EN,632c0075227e9b734c80424d,4,
2022-11-11 11:17:30,2022-11-11 11:18:24,0,75.89.23.243,100,54,1,2022-11-11 11:18:25,R_1P2iQJJTILG6LsI,,,,,30.1784,-83.0309,anonymous,EN,62853fe01fa0d21c4daacfcb,10,
2022-11-11 11:19:33,2022-11-11 11:19:59,0,147.126.10.154,100,26,1,2022-11-11 11:20:00,R_2P1orizZ1h0mNmP,,,,,41.9905,-87.6679,anonymous,EN,60fd706bb974c035ddbfc0e7,-6,
2022-11-11 12:02:37,2022-11-11 12:03:21,0,75.166.55.124,100,43,1,2022-11-11 12:03:21,R_2CweYkkYSot0mSB,,,,,39.7435,-105.0619,anonymous,EN,6150fb8383f88eae3e5c795a,-10,
2022-11-11 13:26:59,2022-11-11 13:27:25,0,172.56.13.113,100,25,1,2022-11-11 13:27:25,R_yrRbxiajpOrPu1P,,,,,43.0382,-87.91,anonymous,EN,61fa947a5719bc09cb834f5b,-10,
2022-11-11 15:37:15,2022-11-11 15:38:00,0,73.255.109.134,100,45,1,2022-11-11 15:38:00,R_21t8cbyuKpl9YK1,,,,,30.0043,-95.1747,anonymous,EN,612be52c615057eb7b5f243c,,-7
2022-11-11 17:33:51,2022-11-11 17:34:19,0,66.97.144.2,100,28,1,2022-11-11 17:34:20,R_Xz7GFLVSpz8pnY5,,,,,32.8372,-96.769,anonymous,EN,6312f1a8321f5ec52a6a8a19,,-4
2022-11-11 17:49:25,2022-11-11 17:49:55,0,174.192.133.245,100,29,1,2022-11-11 17:49:55,R_2EjmsCHC0D1sUY8,,,,,42.951,-87.9437,anonymous,EN,5c103559919ffb0001833864,7,
2022-11-11 19:09:37,2022-11-11 19:10:38,0,174.87.181.29,100,60,1,2022-11-11 19:10:38,R_WpMpMdPSZ4lTVKx,,,,,37.1357,-121.6502,anonymous,EN,5fe1bda08bcb1fc65fe89d91,,-2
2022-11-11 19:41:49,2022-11-11 19:42:27,0,76.132.102.207,100,37,1,2022-11-11 19:42:27,R_6MybeYe1wHymqqZ,,,,,37.9935,-121.7015,anonymous,EN,6361549b0d09a7c730e48290,,3
2022-11-11 20:11:26,2022-11-11 20:12:09,0,68.89.76.14,100,42,1,2022-11-11 20:12:09,R_290568tMQ2P3ZkA,,,,,31.1294,-87.0961,anonymous,EN,62e96548fa0108ff0872399b,10,
2022-11-11 21:43:46,2022-11-11 21:44:25,0,108.249.16.5,100,39,1,2022-11-11 21:44:26,R_UomWx3ShSBQzGGB,,,,,34.0651,-81.0281,anonymous,EN,5ee40b570bc82d0f72dc6556,-6,
2022-11-12 01:08:44,2022-11-12 01:09:09,0,68.91.144.111,100,25,1,2022-11-12 01:09:09,R_9Hu9NH2rjFEbHTX,,,,,33.058,-80.0101,anonymous,EN,631af95dee3b463a87406cd8,,5
2022-11-12 02:29:28,2022-11-12 02:33:56,0,172.56.73.208,100,268,1,2022-11-12 02:33:57,R_2ctoOxMInppPmqo,,,,,25.7612,-80.3137,anonymous,EN,62769797db0ff6f93df21cda,10,
2022-11-12 08:52:27,2022-11-12 08:53:17,0,23.123.108.110,100,50,1,2022-11-12 08:53:18,R_2BmNRwzlUNydY4a,,,,,29.5594,-82.5153,anonymous,EN,5c88c205f76b260001681733,-6,
2022-11-12 09:01:18,2022-11-12 09:01:35,0,72.209.156.172,100,17,1,2022-11-12 09:01:35,R_2saILdqJ81WAiqi,,,,,39.1329,-95.7023,anonymous,EN,631a5e886ab21d522f83e58e,,-9
2022-11-12 16:45:04,2022-11-12 16:46:04,0,107.119.69.34,100,59,1,2022-11-12 16:46:04,R_3OlGsUCv8Avgahq,,,,,36.0571,-86.6729,anonymous,EN,616b8139551b94321313af3e,,0
2022-11-12 20:21:07,2022-11-12 20:21:52,0,172.251.254.37,100,45,1,2022-11-12 20:21:53,R_1jHsyih2ChY1sQI,,,,,33.4948,-117.0954,anonymous,EN,5e60460125834138aae85307,,-8
2022-11-13 02:35:02,2022-11-13 02:35:34,0,107.77.201.208,100,32,1,2022-11-13 02:35:35,R_wMLuhRXkWu3FnLr,,,,,32.7797,-96.8022,anonymous,EN,5d7c4978e34654001a80f1ba,,10
2022-11-13 08:31:55,2022-11-13 08:32:20,0,73.75.184.105,100,25,1,2022-11-13 08:32:20,R_26l5OeM0ugVIjtN,,,,,41.8033,-87.9283,anonymous,EN,63156db7717be8c0c873866e,-9,
2022-11-13 14:33:21,2022-11-13 14:33:54,0,68.203.142.203,100,33,1,2022-11-13 14:33:55,R_3QFTa8mCpJWLXtT,,,,,33.0032,-96.5434,anonymous,EN,62bdc13b2c6f73e8769b419a,,-3
2022-11-14 10:36:02,2022-11-14 10:36:43,0,68.59.231.210,100,40,1,2022-11-14 10:36:43,R_Z4adFuvefT9xJmh,,,,,35.4557,-84.6026,anonymous,EN,5a04869ff2e3460001edad2e,,4
2022-11-14 11:34:43,2022-11-14 11:35:30,0,172.58.82.0,100,47,1,2022-11-14 11:35:31,R_1OIxHt2Mt5m7XvL,,,,,45.0228,-93.3012,anonymous,EN,608470c74942e7ffbe527dfc,-6,
2022-11-14 13:01:34,2022-11-14 13:01:50,0,107.3.60.144,100,16,1,2022-11-14 13:01:50,R_Tc7w1YHJDg9TTr3,,,,,41.39,-75.6636,anonymous,EN,5eb310b0a71e350db017dd05,9,
2022-11-14 13:03:27,2022-11-14 13:04:16,0,136.60.135.182,100,48,1,2022-11-14 13:04:16,R_27OjbVH1xSYxIEb,,,,,40.7406,-111.823,anonymous,EN,5f52d796ff7e035e3f101e39,,4
2022-11-14 16:07:46,2022-11-14 16:08:13,0,75.68.114.105,100,27,1,2022-11-14 16:08:14,R_3GrMCQ0nNziF26R,,,,,42.8276,-71.6595,anonymous,EN,6027cd5a33fc135e0eab4061,4,
2022-11-14 17:06:29,2022-11-14 17:06:52,0,23.162.0.14,100,22,1,2022-11-14 17:06:52,R_2CdqMY832u1zRi5,,,,,36.1549,-116.0177,anonymous,EN,606ca69aaab08c005f42092c,2,
2022-11-14 18:14:31,2022-11-14 18:15:04,0,76.142.213.9,100,33,1,2022-11-14 18:15:05,R_27JdcLIhpkYtotF,,,,,29.3865,-94.9963,anonymous,EN,5f1b2816e83bcd2d4563a28b,,-4
2022-11-14 18:30:29,2022-11-14 18:31:01,0,68.203.69.27,100,31,1,2022-11-14 18:31:01,R_2153zMT09Lu3q3P,,,,,32.9103,-96.7283,anonymous,EN,62f708e4d875cdc4a05333c5,4,
2022-11-15 02:41:34,2022-11-15 02:41:55,0,71.87.196.135,100,21,1,2022-11-15 02:41:55,R_12Fli8rFWCZflJU,,,,,35.6173,-87.0317,anonymous,EN,612bc011200c4fccee2d7b5b,2,
2022-11-15 08:52:50,2022-11-15 08:54:07,0,24.126.28.89,100,77,1,2022-11-15 08:54:07,R_3HpI7VGsqXRUPX2,,,,,39.5516,-78.1847,anonymous,EN,60fdb2863dc080a0d285fc21,-8,
2022-11-15 09:21:35,2022-11-15 09:22:33,0,74.195.229.28,100,57,1,2022-11-15 09:22:33,R_1IYpbb8kz1pWs0p,,,,,36.1369,-97.0631,anonymous,EN,636160b0c7170f08c87cbff0,,-2
2022-11-15 16:48:13,2022-11-15 16:48:33,0,73.71.102.8,100,20,1,2022-11-15 16:48:34,R_3KC3UnW8amIsizj,,,,,37.7703,-122.4407,anonymous,EN,630e9f15b8db9a4e94cb9f3f,-2,
2022-11-15 17:50:37,2022-11-15 17:51:19,0,98.213.75.120,100,41,1,2022-11-15 17:51:19,R_YYTW26bVFtpi3dL,,,,,41.8059,-89.7106,anonymous,EN,60fd9fbfb845fbe920c78885,-4,
2022-11-15 18:32:58,2022-11-15 18:33:26,0,68.55.192.115,100,27,1,2022-11-15 18:33:26,R_3n0AQKON7Tp5Pyp,,,,,42.2967,-85.2066,anonymous,EN,62fe34c166ae3fc3ec3db936,,
2022-11-16 12:59:23,2022-11-16 13:03:51,0,24.112.171.71,100,267,1,2022-11-16 13:03:51,R_3fYNMXA6YVCSSEI,,,,,40.6211,-82.5185,anonymous,EN,5d46619eb30ae50001578288,,-10
2022-11-10 12:30:54,2022-11-10 12:31:47,0,99.42.141.221,67,52,0,2022-11-17 12:31:52,R_tGv64ka70T5BGgN,,,,,,,anonymous,EN,,,
2022-11-10 12:50:15,2022-11-10 12:50:44,0,50.80.212.144,83,28,0,2022-11-17 12:50:53,R_2bZfEZUeKMSM7d5,,,,,,,anonymous,EN,636bd30e14a5a0787697f56b,-4,
2022-11-10 12:53:53,2022-11-10 12:54:06,0,24.255.247.195,83,13,0,2022-11-17 12:54:14,R_2ZPKh8RHTcpcrqM,,,,,,,anonymous,EN,608b545dac4ff506d7f01f04,,0
2022-11-10 12:56:16,2022-11-10 12:57:06,0,76.188.0.167,83,50,0,2022-11-17 12:57:10,R_1FnNxzh3BKbOPGI,,,,,,,anonymous,EN,63101cafd1872c9ac5d04944,,-5
2022-11-10 12:58:51,2022-11-10 12:59:15,0,35.135.129.202,83,23,0,2022-11-17 12:59:15,R_2aOwWSIafUWU9Mh,,,,,,,anonymous,EN,5e0a2f6377f8652c6fc3f887,-3,
2022-11-10 12:58:55,2022-11-10 12:59:34,0,72.181.212.155,83,39,0,2022-11-17 12:59:38,R_1C7aJu9BPzbVCdx,,,,,,,anonymous,EN,612fd3208d3decaf3ec80bcc,,0
2022-11-10 12:59:42,2022-11-10 13:00:18,0,24.22.43.51,83,36,0,2022-11-17 13:00:33,R_3fIdCuXD2eGzelt,,,,,,,anonymous,EN,6108e0f394ea82edc8b1884a,,-5
2022-11-10 13:01:32,2022-11-10 13:02:37,0,50.158.11.181,83,65,0,2022-11-17 13:03:01,R_2dYYQneXFVI4skm,,,,,,,anonymous,EN,5be769f53b047e0001a39b01,4,
2022-11-10 13:02:47,2022-11-10 13:03:17,0,174.70.131.241,83,30,0,2022-11-17 13:03:17,R_9SpzZQpermjDTMd,,,,,,,anonymous,EN,6143af8721d1445864c4f6c8,,-10
2022-11-10 13:06:25,2022-11-10 13:07:06,0,47.133.53.14,83,40,0,2022-11-17 13:08:19,R_2dSWs22Tkdg5tzq,,,,,,,anonymous,EN,62cf8b6eac8db5ea98343fbe,0,
2022-11-10 13:12:21,2022-11-10 13:12:53,0,67.241.33.207,83,31,0,2022-11-17 13:12:55,R_20NKy1kSoB4lrcx,,,,,,,anonymous,EN,60ed8b58291a506de5a1bf6f,7,
2022-11-10 13:24:00,2022-11-10 13:24:32,0,50.110.227.148,83,31,0,2022-11-17 13:24:37,R_1M0pGFN45Xy00mh,,,,,,,anonymous,EN,631b822619211df6b4180d50,-10,
2022-11-10 13:30:20,2022-11-10 13:30:51,0,209.73.110.72,83,30,0,2022-11-17 13:30:52,R_3y0WXgLmxOknEOZ,,,,,,,anonymous,EN,636149c88d2d393decf957f7,-10,
2022-11-10 13:40:08,2022-11-10 13:40:46,0,99.44.38.123,83,38,0,2022-11-17 13:40:47,R_2uTK1H7gM8BSGRC,,,,,,,anonymous,EN,6313f4ebb6eb359b0650a088,-2,
2022-11-10 13:46:33,2022-11-10 13:46:58,0,166.205.190.110,83,25,0,2022-11-17 13:47:03,R_2dPYOaS0Ofz9ttg,,,,,,,anonymous,EN,5e23b46fde3c906690fbd4f8,,-2
2022-11-10 13:46:39,2022-11-10 13:47:36,0,73.16.3.104,83,57,0,2022-11-17 13:47:38,R_1N8RVRbEAMtXtVa,,,,,,,anonymous,EN,5faeb8eb6562cd0163f216ec,,5
2022-11-10 13:48:37,2022-11-10 13:49:16,0,98.224.254.166,83,38,0,2022-11-17 13:49:19,R_enxo8xAYKk9drc5,,,,,,,anonymous,EN,5d8d8f8a7df28500133337d1,,-5
2022-11-10 13:53:50,2022-11-10 13:54:13,0,172.58.242.157,83,22,0,2022-11-17 13:54:13,R_WxLrg6DFd6iFaHn,,,,,,,anonymous,EN,589de7bbbb9e0f0001ac9768,-10,
2022-11-10 13:56:43,2022-11-10 13:57:14,0,71.209.243.81,83,30,0,2022-11-17 13:57:22,R_2P5MIrjh9ddUyRx,,,,,,,anonymous,EN,6279d6e5d4f91de53dbf67a3,,-2
2022-11-10 14:02:27,2022-11-10 14:03:02,0,174.64.169.81,83,34,0,2022-11-17 14:03:08,R_31yMCvhUrnSja5t,,,,,,,anonymous,EN,6266d7c7bfe6d9d74ff4e76f,-5,
2022-11-10 14:10:57,2022-11-10 14:11:22,0,73.73.195.254,83,25,0,2022-11-17 14:12:10,R_2WGPA3QO84jakan,,,,,,,anonymous,EN,6365b9324ce52c4f38eed7a0,,-6
2022-11-10 14:13:09,2022-11-10 14:13:22,0,107.77.199.27,83,13,0,2022-11-17 14:13:22,R_eesHjVjaA24Mvex,,,,,,,anonymous,EN,630345dd92f26599c777a5fc,,-2
2022-11-10 14:37:22,2022-11-10 14:37:40,0,216.180.89.117,83,17,0,2022-11-17 14:37:42,R_270XXm0NBGueqHe,,,,,,,anonymous,EN,60709c0cc17168fdce1c7774,-7,
2022-11-10 15:00:09,2022-11-10 15:00:38,0,97.126.7.30,83,29,0,2022-11-17 15:00:46,R_Y3Q5Umhd82aSyjL,,,,,,,anonymous,EN,603862f99e00971c55fe0874,,-2
2022-11-10 15:08:16,2022-11-10 15:09:17,0,107.123.53.67,83,61,0,2022-11-17 15:09:20,R_2aUBcfPrRA2YNW4,,,,,,,anonymous,EN,628e8ff65ff8999d5907e520@email.prolific.co,-5,
2022-11-10 15:09:14,2022-11-10 15:09:53,0,50.81.14.137,83,39,0,2022-11-17 15:09:56,R_3M0Ca5nt04AJ46h,,,,,,,anonymous,EN,62e1e3f92efe886934aebdc4,10,
2022-11-10 15:50:00,2022-11-10 15:50:31,0,72.4.41.222,83,30,0,2022-11-17 15:50:32,R_3lAKfaB2NXdrMyS,,,,,,,anonymous,EN,631002c1710095681a201cdf,,5
2022-11-10 15:54:07,2022-11-10 15:54:22,0,73.241.2.0,83,15,0,2022-11-17 15:54:23,R_1esht4XsEGUN1cj,,,,,,,anonymous,EN,61672728d4ad3f70cc6a0199,,-6
2022-11-10 15:54:04,2022-11-10 15:54:47,0,107.127.4.45,83,43,0,2022-11-17 15:54:49,R_23UBotIOSiw99B8,,,,,,,anonymous,EN,614f9f5543d1293c2b2a2c52,4,
2022-11-10 15:59:13,2022-11-10 16:00:46,0,172.58.26.47,83,93,0,2022-11-17 16:00:47,R_2zvRXmaqpXwH1yg,,,,,,,anonymous,EN,63667ba152dc3078210dc552,,
2022-11-10 16:09:03,2022-11-10 16:09:16,0,68.198.192.205,83,12,0,2022-11-17 16:09:19,R_wNps9sK3fjL5pTz,,,,,,,anonymous,EN,6364352eb4261be4d1ab49f7,-4,
2022-11-10 16:13:05,2022-11-10 16:13:40,0,73.230.108.211,83,35,0,2022-11-17 16:13:41,R_2WUYlEGO8cj44sl,,,,,,,anonymous,EN,5f79bca83a2eb65c0983816d,-4,
2022-11-10 16:50:45,2022-11-10 16:51:34,0,174.59.9.129,83,49,0,2022-11-17 16:51:37,R_1Na0hgil2xsSOsL,,,,,,,anonymous,EN,6266add746005ee1ac2e801b,,-2
2022-11-10 17:15:23,2022-11-10 17:16:07,0,68.80.120.176,83,43,0,2022-11-17 17:16:15,R_stkB5N960RDZiCt,,,,,,,anonymous,EN,6343319a992461d9273f488a,,8
2022-11-10 17:16:46,2022-11-10 17:23:27,0,173.68.28.133,83,400,0,2022-11-17 17:23:30,R_2UWmLl70tDLa6kq,,,,,,,anonymous,EN,636690c35055028511f463fa,,
2022-11-10 17:38:21,2022-11-10 17:39:08,0,108.32.54.210,83,47,0,2022-11-17 17:39:10,R_1LqjRju8PVPieEs,,,,,,,anonymous,EN,57ac740478a38d00017cce22,4,
2022-11-10 17:50:00,2022-11-10 17:50:20,0,172.58.147.205,83,20,0,2022-11-17 17:50:22,R_W7pNtYwWM9jNXW1,,,,,,,anonymous,EN,62ce35b697d7d717edaeee58,-9,
2022-11-10 17:50:44,2022-11-10 17:52:01,0,174.87.10.187,83,77,0,2022-11-17 17:52:04,R_3NDiKsMjNwMDXKM,,,,,,,anonymous,EN,6356ee35a32f19e14c149cb2,,-8
2022-11-10 18:06:57,2022-11-10 18:12:52,0,135.26.116.3,83,354,0,2022-11-17 18:12:54,R_1PZyyDLopsujCY3,,,,,,,anonymous,EN,jj,,-6
2022-11-10 18:18:24,2022-11-10 18:20:28,0,24.209.9.102,83,124,0,2022-11-17 18:20:32,R_R5ktY6Re9pan2il,,,,,,,anonymous,EN,601387b4aa37e127b0544497,4,
2022-11-10 18:24:07,2022-11-10 18:24:35,0,73.154.51.171,83,28,0,2022-11-17 18:24:39,R_9XJ1oV8Qlw75MtP,,,,,,,anonymous,EN,5ef6c997bddec33cfaed40c7,,1
2022-11-10 18:34:37,2022-11-10 18:35:19,0,68.108.180.77,83,42,0,2022-11-17 18:35:23,R_2R32L9Tg9nATgwX,,,,,,,anonymous,EN,5f9e612e5e10814115cc780d,,4
2022-11-10 18:50:26,2022-11-10 18:51:04,0,47.7.188.186,83,38,0,2022-11-17 18:51:06,R_cuW5qHvwrwgPnsR,,,,,,,anonymous,EN,6306f070d4f94e56cb544400,-6,
2022-11-10 18:59:57,2022-11-10 19:00:29,0,172.58.107.61,83,32,0,2022-11-17 19:00:30,R_2Ppvh2z0mOWcfwH,,,,,,,anonymous,EN,558943fafdf99b5ccd435cb3,,7
2022-11-10 19:15:01,2022-11-10 19:15:36,0,174.251.192.84,83,34,0,2022-11-17 19:15:41,R_O72SWOFxj4Fz8BP,,,,,,,anonymous,EN,62e7a938dcfa4bc87aca18f4,1,
2022-11-17 20:04:32,2022-11-17 20:05:10,0,173.76.84.209,100,38,1,2022-11-17 20:05:11,R_1r2ZA2AohZa6b6g,,,,,42.1246,-71.1149,anonymous,EN,559b1e92fdf99b426abb6227,,-6
2022-11-10 20:08:49,2022-11-10 20:09:12,0,74.197.135.33,83,23,0,2022-11-17 20:09:14,R_3GoVSQ6K3LK5nxE,,,,,,,anonymous,EN,580c7b88357e890001dd139b,,-10
2022-11-10 20:39:23,2022-11-10 20:40:48,0,172.56.65.129,83,85,0,2022-11-17 20:40:49,R_4Oq9t4xXFMJexk5,,,,,,,anonymous,EN,632cafe32ff306f698e26991,-5,
2022-11-10 23:23:02,2022-11-10 23:23:36,0,172.58.141.225,83,34,0,2022-11-17 23:23:37,R_2ZBIs7ek9LHuusd,,,,,,,anonymous,EN,6290fcf17c10b137ca68d81d,-6,
2022-11-11 05:37:38,2022-11-11 05:37:42,0,174.202.98.47,17,3,0,2022-11-18 05:37:43,R_3COS5pZ0n1uxB1a,,,,,,,anonymous,EN,,,
2022-11-18 05:37:32,2022-11-18 05:38:03,0,68.63.29.177,100,30,1,2022-11-18 05:38:03,R_27yAQK1UkeJOb2Q,,,,,29.9665,-83.6594,anonymous,EN,6346a6d8da090a1afa055a92,-10,
2022-11-11 06:06:45,2022-11-11 06:07:06,0,71.29.71.0,83,20,0,2022-11-18 06:07:09,R_xxsINfsTsPFAYsV,,,,,,,anonymous,EN,5fbead0dc32181085395e4b3,10,
2022-11-11 07:12:26,2022-11-11 07:12:53,0,216.201.56.4,83,26,0,2022-11-18 07:12:55,R_0JaolJ0RgrVRTnb,,,,,,,anonymous,EN,61095beca1f18a14707aee38,10,
2022-11-11 08:21:25,2022-11-11 08:21:28,0,47.227.122.81,17,2,0,2022-11-18 08:21:29,R_1mwJzWdwSyA3TiM,,,,,,,anonymous,EN,,,
2022-11-11 09:01:41,2022-11-11 09:03:03,0,152.97.221.59,83,81,0,2022-11-18 09:03:06,R_PFl661saoo8cQeJ,,,,,,,anonymous,EN,5d7f79e7e41ee70018d9164a,-6,
2022-11-11 10:01:25,2022-11-11 10:02:07,0,68.62.249.249,83,41,0,2022-11-18 10:05:53,R_1IZrDISzjTWOggU,,,,,,,anonymous,EN,5d3c88c00e510a00013df5f1,,2
2022-11-11 11:17:49,2022-11-11 11:18:42,0,73.108.43.51,83,52,0,2022-11-18 11:18:46,R_wN1FcckoFGAPRFn,,,,,,,anonymous,EN,5cd8d86210887400182db201,,4
2022-11-11 11:34:18,2022-11-11 11:34:48,0,172.58.158.255,83,30,0,2022-11-18 11:34:56,R_1C24nHbVvLl3rr8,,,,,,,anonymous,EN,600dab8134acba5b50136b19,,-6
2022-11-11 12:04:02,2022-11-11 12:05:26,0,174.106.146.130,83,84,0,2022-11-18 12:07:49,R_vpeNJNLvjJyhWP7,,,,,,,anonymous,EN,5fcaa3f3d991a9748f8b9e1c,,10
2022-11-11 12:23:53,2022-11-11 12:24:18,0,70.119.105.25,83,24,0,2022-11-18 12:24:22,R_1KkTj81Wlfm1sQV,,,,,,,anonymous,EN,62865cb9d41a9e2aaf141c84,,-8
2022-11-11 12:31:50,2022-11-11 12:33:12,0,47.219.202.93,83,82,0,2022-11-18 12:33:14,R_1OZjXZWkbHrfPT1,,,,,,,anonymous,EN,5cbe7fdb82218d00172aa4f3,4,
2022-11-11 12:47:25,2022-11-11 12:47:51,0,173.73.17.159,83,25,0,2022-11-18 12:47:52,R_33DOSwV5QdX92xn,,,,,,,anonymous,EN,60d5ff02fef54b0399953c12,,3
2022-11-11 15:01:39,2022-11-11 15:02:22,0,174.235.81.210,83,42,0,2022-11-18 15:02:26,R_1Nn6QO27Qdr1XAf,,,,,,,anonymous,EN,614faec89136e6e4aebe7dfc,2,
2022-11-18 17:30:26,2022-11-18 17:30:50,0,67.168.39.155,100,23,1,2022-11-18 17:30:50,R_2R22jIGgqqFQTPf,,,,,48.0132,-122.0679,anonymous,EN,5fd02fea84bdb809404020a2,,-6
2022-11-11 17:34:38,2022-11-11 17:35:10,0,66.97.144.2,83,32,0,2022-11-18 17:35:13,R_12LMRUz1sWAkk4Q,,,,,,,anonymous,EN,6312f1a8321f5ec52a6a8a19,-10,
2022-11-18 18:11:08,2022-11-18 18:11:24,0,66.248.215.98,100,16,1,2022-11-18 18:11:24,R_1lzsnKvYkJ5rWna,,,,,34.267,-80.5913,anonymous,EN,5dd37881523df036fecff14d,,1
2022-11-11 21:16:21,2022-11-11 21:17:32,0,174.64.53.166,83,70,0,2022-11-18 21:17:35,R_2t5xVtuQMcswPlh,,,,,,,anonymous,EN,602f8f486ef6bdc8803f83e2,,-6
2022-11-12 02:34:13,2022-11-12 02:34:35,0,172.56.73.208,83,22,0,2022-11-19 02:34:37,R_2dFkWDKjwyINws0,,,,,,,anonymous,EN,62769797db0ff6f93df21cda,,10
2022-11-12 06:09:40,2022-11-12 06:10:44,0,172.56.65.16,83,64,0,2022-11-19 06:10:46,R_1jZp0bblHXdmWDr,,,,,,,anonymous,EN,5bcd36c73a99c4000153b53b,-8,
2022-11-12 07:49:11,2022-11-12 07:49:32,0,174.55.14.98,83,21,0,2022-11-19 07:49:34,R_0xJNCcsolUqIHhT,,,,,,,anonymous,EN,6324f8ef8e2efea43c5d06e6,,-4
2022-11-12 11:06:28,2022-11-12 11:08:12,0,67.6.198.17,83,104,0,2022-11-19 11:08:13,R_27j6qjOcOr2QLdB,,,,,,,anonymous,EN,5eea537ffd89d01283ffac22,-4,
2022-11-19 13:23:10,2022-11-19 13:23:38,0,71.81.64.170,100,27,1,2022-11-19 13:23:38,R_2zOtKvfdGEQ0l56,,,,,38.812,-89.9627,anonymous,EN,611c23757abaf647e15742ef,-10,
2022-11-12 14:27:15,2022-11-12 14:27:56,0,172.58.44.198,83,41,0,2022-11-19 14:27:58,R_2mce4xllWa0PrEZ,,,,,,,anonymous,EN,617372f2d708eb69eccac9bf,-2,
2022-11-12 15:26:08,2022-11-12 15:26:35,0,144.216.255.227,83,27,0,2022-11-19 15:26:37,R_1rdM13ZGl9bCBA5,,,,,,,anonymous,EN,610b6fddbfad670dcb443bd1,,6
2022-11-12 19:49:50,2022-11-12 19:50:36,0,74.197.165.78,83,45,0,2022-11-19 19:50:37,R_3q7DWZrX9Ih1IF3,,,,,,,anonymous,EN,60fdd6065200f6120a01fba5,4,
2022-11-12 23:37:47,2022-11-12 23:39:08,0,73.225.67.208,83,80,0,2022-11-19 23:39:09,R_3kqfCfH8IIH9cYE,,,,,,,anonymous,EN,60255cc2f0319509011ac0a8,-4,
2022-11-13 00:55:41,2022-11-13 00:56:46,0,172.56.13.26,83,65,0,2022-11-20 00:56:55,R_32Wkyic5mFxWCVg,,,,,,,anonymous,EN,63616c1f79c995ecf0c8d8d2,8,
2022-11-13 05:07:45,2022-11-13 05:08:25,0,24.51.168.131,83,39,0,2022-11-20 05:08:29,R_3GxfW4SBEs4U5kG,,,,,,,anonymous,EN,5ee37cae69bfc40009a26ac0,,-8
2022-11-13 10:36:12,2022-11-13 10:37:06,0,76.210.30.168,83,53,0,2022-11-20 10:37:06,R_Xj1ZDG0KcAwE1lD,,,,,,,anonymous,EN,5af09ff00eca060001b1379c,,0
2022-11-13 12:03:03,2022-11-13 12:03:32,0,97.116.75.204,83,29,0,2022-11-20 12:03:47,R_Tq2fvPaoJTIwzAt,,,,,,,anonymous,EN,60fcf1aa4c76b655673eedf8,-6,
2022-11-13 12:05:40,2022-11-13 12:06:46,0,71.87.162.128,83,65,0,2022-11-20 12:06:47,R_ebKf0pcDq5lULIJ,,,,,,,anonymous,EN,5e2539fedc1a177a63796efc,-4,
2022-11-20 12:14:49,2022-11-20 12:15:09,0,65.185.101.18,100,19,1,2022-11-20 12:15:09,R_2Eyj0g577AGYVjk,,,,,41.4481,-82.0177,anonymous,EN,62e029813affb61d4f49ed85,10,
2022-11-20 14:48:50,2022-11-20 14:49:31,0,47.17.13.15,100,41,1,2022-11-20 14:49:31,R_b8FV95Cou59atgd,,,,,41.2045,-73.1988,anonymous,EN,5ead868fe65d1f41dac2ebd4,,0
2022-11-13 17:49:38,2022-11-13 17:50:27,0,45.26.159.186,83,49,0,2022-11-20 17:50:32,R_12LV5siAJqJjme5,,,,,,,anonymous,EN,60b6c87613dc76ae924ce0d0,-2,
2022-11-20 20:23:26,2022-11-20 20:23:53,0,174.231.142.230,100,26,1,2022-11-20 20:23:53,R_5jtNqk0PoBIOQQ9,,,,,47.6109,-122.3303,anonymous,EN,5ad1dee393f87d00016ce40f,5,
2022-11-13 21:27:22,2022-11-13 21:28:22,0,107.145.232.38,83,59,0,2022-11-20 21:28:23,R_RJP32lWzfHpZQ0F,,,,,,,anonymous,EN,6010bba4cef0db4298d8cd48,,-4
2022-11-21 09:16:58,2022-11-21 09:18:12,0,152.27.23.66,100,73,1,2022-11-21 09:18:12,R_28LP34Kjkde3JJi,,,,,35.4666,-79.1758,anonymous,EN,5f4158913bd5ca2e871d63f4,-4,
2022-11-14 12:18:12,2022-11-14 12:18:28,0,35.150.179.129,83,15,0,2022-11-21 12:21:17,R_DIS3ptwMoTBteQF,,,,,,,anonymous,EN,6362aca86b740b1ec4cb6efb,6,
2022-11-14 12:33:40,2022-11-14 12:34:56,0,68.202.225.170,83,75,0,2022-11-21 12:34:56,R_3ptFPxznv2VPUAM,,,,,,,anonymous,EN,61140514150f4cdab3ba1f21,,5
2022-11-14 16:09:52,2022-11-14 16:10:25,0,172.56.7.124,83,33,0,2022-11-21 16:10:30,R_2YAhfZWSj9F7Sc8,,,,,,,anonymous,EN,61538c2962a04fad092a8b37,,-6
2022-11-14 16:29:34,2022-11-14 16:30:00,0,172.58.203.215,83,25,0,2022-11-21 16:30:02,R_2trgKjQ52ElkCpv,,,,,,,anonymous,EN,5f9c9e203d44de174d8f4f6c,,-6
2022-11-15 01:13:49,2022-11-15 01:14:19,0,35.141.41.185,83,30,0,2022-11-22 01:14:22,R_1JUYIYRKPXVtHua,,,,,,,anonymous,EN,631752de5476b145e0f6075c,,0
2022-11-22 02:10:13,2022-11-22 02:11:05,0,166.198.32.15,100,52,1,2022-11-22 02:11:05,R_1BVo93yYguw98PZ,,,,,36.0944,-95.9717,anonymous,EN,6271603184240eab80a5722b,,
2022-11-15 07:12:28,2022-11-15 07:12:48,0,76.242.29.97,83,20,0,2022-11-22 07:13:00,R_2zTH5gZUoygEQa4,,,,,,,anonymous,EN,631b7e747ad94015bc372ca4,,-10
2022-11-15 08:11:09,2022-11-15 08:11:52,0,173.187.157.211,83,43,0,2022-11-22 08:11:56,R_1pnGnnZTp5Utl0U,,,,,,,anonymous,EN,5ef3966a0934120fc4c28c4b,6,
2022-11-15 08:36:39,2022-11-15 08:37:25,0,73.229.153.73,83,45,0,2022-11-22 08:38:28,R_blbsE5dB693nwaZ,,,,,,,anonymous,EN,5c2ff645644d5300010c25f3,-5,
2022-11-15 08:48:16,2022-11-15 08:48:53,0,192.246.234.253,83,37,0,2022-11-22 08:50:17,R_2y4tnFaHxyqFjtX,,,,,,,anonymous,EN,60a7c3e1e70934af63664a46,,-2
2022-11-15 11:27:17,2022-11-15 11:28:04,0,71.78.121.202,83,46,0,2022-11-22 11:28:07,R_t0CxLkEZtNw2N8Z,,,,,,,anonymous,EN,5d38c604b3126d0001fbed6e,,-2
2022-11-22 11:27:59,2022-11-22 11:28:28,0,72.239.149.55,100,29,1,2022-11-22 11:28:29,R_2TsBbK8smo0ydmH,,,,,28.5531,-81.7597,anonymous,EN,591e09ccf233a70001df6e8c,0,
2022-11-15 17:21:57,2022-11-15 17:22:37,0,74.138.75.11,83,40,0,2022-11-22 17:22:38,R_rkYfC6rdQK2j3tD,,,,,,,anonymous,EN,614af89a94339a92bf646754,,0
2022-11-16 02:57:26,2022-11-16 02:58:02,0,206.121.228.250,83,36,0,2022-11-23 02:58:04,R_2zou4VmRnsrxpTl,,,,,,,anonymous,EN,614fd205da476bd7f354cc95,,-4
2022-11-16 08:47:17,2022-11-16 08:47:40,0,173.80.231.18,83,23,0,2022-11-23 08:47:42,R_Duk4fzon7CPHITD,,,,,,,anonymous,EN,5bdba05d19b9ba000157a348,,-8
2022-11-16 09:51:54,2022-11-16 09:52:38,0,72.28.187.26,83,44,0,2022-11-23 09:52:42,R_2ZHTXa22UYo6nw5,,,,,,,anonymous,EN,5f08f09335766e176ef35d43,1,
2022-11-16 12:35:35,2022-11-16 12:37:49,0,76.18.151.130,83,134,0,2022-11-23 12:37:53,R_2qk176h0xbfbNrH,,,,,,,anonymous,EN,5d42abf3c9acd700010c41df,-2,
2022-11-16 13:45:24,2022-11-16 13:46:14,0,99.11.142.204,83,50,0,2022-11-23 13:46:17,R_Y6sOY7C6hU5Vw0V,,,,,,,anonymous,EN,5e3cc28a194a520c0c128f13,-10,
2022-11-16 15:45:58,2022-11-16 15:46:22,0,172.58.2.131,83,23,0,2022-11-23 15:46:26,R_1gpSJeoZb21h9c2,,,,,,,anonymous,EN,5dea961cf4c5e11bd9c4058c,,-7
2022-11-16 17:10:49,2022-11-16 17:11:20,0,24.15.193.10,83,31,0,2022-11-23 17:11:24,R_3rHEbI3WMJoJZ94,,,,,,,anonymous,EN,6329bc8f80d4501faf9bbdc6,-4,
2022-11-16 20:32:26,2022-11-16 20:33:19,0,139.55.174.26,83,53,0,2022-11-23 20:33:20,R_1lz4MECQhjr8hMg,,,,,,,anonymous,EN,62e02537aeee3cf7f450869e,,0
2022-11-23 22:33:30,2022-11-23 22:34:33,0,47.204.58.213,100,63,1,2022-11-23 22:34:34,R_3m44LlHBFX49ErJ,,,,,28.2402,-82.7,anonymous,EN,62cca0e41baf4e7ea8c7c61f,3,
2022-11-25 01:05:28,2022-11-25 01:06:08,0,158.140.33.115,100,39,1,2022-11-25 01:06:09,R_xmW6rvzOwJNFTuV,,,,,36.1549,-116.0177,anonymous,EN,631b01bd0283ae15b2d25cd0,-5,
2022-11-18 10:44:05,2022-11-18 10:44:30,0,99.122.2.35,83,24,0,2022-11-25 10:44:33,R_1NlkH4T0cgwHN0h,,,,,,,anonymous,EN,5a6e5b8a0384310001948ab4,-3,
2022-11-18 13:34:14,2022-11-18 13:34:40,0,174.213.208.161,83,26,0,2022-11-25 13:34:45,R_3EsNwfVLpjrZWed,,,,,,,anonymous,EN,63114fcf2fc8f4d507560901,,0
2022-11-18 16:44:18,2022-11-18 16:45:45,0,174.216.12.71,83,86,0,2022-11-25 16:45:54,R_x60fxlr0TX3oudj,,,,,,,anonymous,EN,6362ab21cc450adf951bd6a7,-4,
2022-11-25 23:22:50,2022-11-25 23:23:23,0,172.58.184.235,100,32,1,2022-11-25 23:23:24,R_27d1LUjgKHY3LWM,,,,,40.3775,-79.9613,anonymous,EN,611ac4b4f5d6b42715dba99e,0,
2022-11-26 08:48:59,2022-11-26 08:49:31,0,173.170.100.189,100,32,1,2022-11-26 08:49:32,R_XBMT6MwDdG3XJsJ,,,,,28.2987,-82.6902,anonymous,EN,5a2dc611390d120001c70ac2,,10
2022-11-20 14:20:57,2022-11-20 14:21:23,0,24.98.137.41,83,26,0,2022-11-27 14:21:24,R_8DpRNzvGXt97OCd,,,,,,,anonymous,EN,5c07361c96378a0001196024,,-8
2022-11-20 18:13:38,2022-11-20 18:14:11,0,172.58.137.198,83,33,0,2022-11-27 18:14:16,R_3gMZ0pFJLXgc0ot,,,,,,,anonymous,EN,624472c412a175b605915572,-2,
2022-11-20 19:00:00,2022-11-20 19:00:37,0,73.146.71.205,83,36,0,2022-11-27 19:00:39,R_217aR7KwgHRbWcd,,,,,,,anonymous,EN,630283a435b8cb240b6db679,,-6
2022-11-28 03:34:29,2022-11-28 03:37:48,0,173.94.121.176,100,199,1,2022-11-28 03:37:48,R_UL0U6eKQePCAwUh,,,,,36.1825,-79.8103,anonymous,EN,5a0b8d4c7ecfc50001be130d,10,
2022-11-28 04:15:03,2022-11-28 04:15:31,0,96.255.210.144,100,28,1,2022-11-28 04:15:32,R_cA8SZZiUCnATapz,,,,,39.109,-77.2489,anonymous,EN,5ee2d96eac3291203650f16e,,-6
2022-11-28 08:16:43,2022-11-28 08:17:05,0,198.137.18.144,100,21,1,2022-11-28 08:17:05,R_32WMsjFY9oq9gGD,,,,,33.9332,-83.3536,anonymous,EN,5f6cefecb8137d13565d8c33,-10,
2022-11-21 09:49:13,2022-11-21 09:49:45,0,73.27.89.12,83,32,0,2022-11-28 09:49:49,R_2EcQDfXDLKSoztT,,,,,,,anonymous,EN,6154f629ea84ccf09ac10f39,,-3
2022-11-21 09:58:37,2022-11-21 09:59:10,0,72.228.51.170,83,32,0,2022-11-28 09:59:17,R_XiU2yxZ0oWaj1bb,,,,,,,anonymous,EN,610d6fe6f9fcfeba763fc61d,,-2
2022-11-28 17:47:17,2022-11-28 17:47:46,0,47.205.26.113,100,29,1,2022-11-28 17:47:47,R_33rqwkMtgKJ9UoX,,,,,28.0206,-82.4574,anonymous,EN,C1ZI0QZX,,-2
2022-11-29 00:09:58,2022-11-29 00:10:38,0,174.172.6.224,100,40,1,2022-11-29 00:10:38,R_8pv09Ek20bCDbvb,,,,,37.751,-97.822,anonymous,EN,6095c58f673ef9aa5dafd4e2,7,
2022-11-29 05:10:28,2022-11-29 05:11:00,0,174.207.37.60,100,32,1,2022-11-29 05:11:01,R_12r2YXsZyPIoJ5J,,,,,41.3844,-81.7003,anonymous,EN,5e680c9f65bd0b0be56430a4,,-2
2022-11-29 10:12:09,2022-11-29 10:12:38,0,207.192.241.98,100,29,1,2022-11-29 10:12:39,R_1EbciNw8TYdHEXK,,,,,35.2708,-114.0226,anonymous,EN,5bef317a2d982b0001059f44,,
2022-11-22 13:36:50,2022-11-22 13:38:05,0,65.31.88.243,83,75,0,2022-11-29 15:45:37,R_1FP76TbEqDzBjj8,,,,,,,anonymous,EN,60bebaad355aa083fd9b8c60,,-8
2022-11-22 16:11:37,2022-11-22 16:12:12,0,67.253.228.135,83,35,0,2022-11-29 16:53:38,R_1In30naQLjIAReZ,,,,,,,anonymous,EN,6319a895e5c1391750cca937,,-2
2022-11-29 20:03:40,2022-11-29 20:04:10,0,76.27.13.188,100,29,1,2022-11-29 20:04:11,R_2PcnrDIxlQkbiND,,,,,40.2329,-111.6688,anonymous,EN,5de9c0841255590f666b724e,-6,
2022-11-30 07:10:56,2022-11-30 07:11:15,0,73.123.0.252,100,18,1,2022-11-30 07:11:15,R_1qg4ayX0SOwOHXO,,,,,42.6764,-71.3171,anonymous,EN,62ac7c3ffaf95e2270e5af01,,-10
2022-11-30 10:54:33,2022-11-30 10:54:52,0,50.38.151.53,100,18,1,2022-11-30 10:54:52,R_3ktzE5hNwwIZz50,,,,,35.1063,-114.5925,anonymous,EN,5ef04d739b93be04d17b451c,,-8
2022-11-30 11:07:08,2022-11-30 11:07:49,0,174.198.195.165,100,41,1,2022-11-30 11:07:49,R_9ZFfjTGcdwfmO9b,,,,,40.7066,-74.2027,anonymous,EN,6290f368eb43bba3bedc87a5,,-8
2022-11-30 16:41:30,2022-11-30 16:42:10,0,67.176.224.126,100,40,1,2022-11-30 16:42:11,R_1g8DpcnvjxWPr02,,,,,41.9555,-87.6613,anonymous,EN,610959c4bde8b758f8b860fc,,-3
2022-11-30 16:43:09,2022-11-30 16:43:31,0,73.223.25.203,100,22,1,2022-11-30 16:43:31,R_yD4Gecs7aAOTYaZ,,,,,37.9845,-122.1355,anonymous,EN,5bf28a086d4c3e00014410f7,-4,
2022-11-30 17:00:40,2022-11-30 17:01:18,0,71.200.61.30,100,38,1,2022-11-30 17:01:19,R_2XdjnFldQZT97k6,,,,,39.4949,-76.6673,anonymous,EN,60cac6e750602e711ed5efc6,,0
2022-11-30 17:03:22,2022-11-30 17:03:57,0,67.240.82.102,100,34,1,2022-11-30 17:03:57,R_3qdkSxt9mxJzE7M,,,,,42.7836,-73.9428,anonymous,EN,5f3898caed1478189b8462a0,-8,
2022-11-30 17:04:21,2022-11-30 17:04:46,0,65.185.45.197,100,24,1,2022-11-30 17:04:46,R_1hS8VTNl48W9Urz,,,,,39.9452,-82.9738,anonymous,EN,6108abf7896db04590fa6d8e,-8,
2022-11-30 17:04:52,2022-11-30 17:05:19,0,67.171.174.199,100,27,1,2022-11-30 17:05:20,R_1hApT6Tr1KnwssE,,,,,45.3716,-122.7656,anonymous,EN,581d50e882c5aa000132ce4f,8,
2022-11-30 17:04:51,2022-11-30 17:05:27,0,76.88.81.62,100,35,1,2022-11-30 17:05:27,R_1lB5loH4Aa6cAn7,,,,,33.0924,-117.2624,anonymous,EN,62ddd6123a54e3f55e66576d,,-2
2022-11-30 17:06:10,2022-11-30 17:06:52,0,173.70.46.16,100,42,1,2022-11-30 17:06:52,R_RVRg1xH833pFsuB,,,,,40.8565,-74.1231,anonymous,EN,62c788d0cd6dc75c2c3a8fc7,,-2
2022-11-30 17:07:21,2022-11-30 17:07:47,0,50.222.154.146,100,25,1,2022-11-30 17:07:48,R_300ieJSzg05ZWuf,,,,,47.8388,-122.1985,anonymous,EN,6297eab7d422605ef4cb421e,2,
2022-11-30 17:07:18,2022-11-30 17:08:00,0,184.58.200.31,100,41,1,2022-11-30 17:08:00,R_2zHosvth8wdbF6Y,,,,,43.0742,-87.9149,anonymous,EN,6112925437a4309649bb14db,2,
2022-11-30 17:08:46,2022-11-30 17:09:09,0,67.190.93.230,100,22,1,2022-11-30 17:09:09,R_3j8VBxmH4goBZm3,,,,,39.872,-105.0405,anonymous,EN,6361756f56d362fe1519fd18,-4,
2022-11-30 17:09:35,2022-11-30 17:09:49,0,198.44.216.88,100,13,1,2022-11-30 17:09:49,R_3CZM5SrPk4MKQac,,,,,34.1766,-118.3037,anonymous,EN,5f7b606667266b0f97046eb7,,-6
2022-11-30 17:09:54,2022-11-30 17:10:18,0,63.247.44.64,100,24,1,2022-11-30 17:10:18,R_3C99xgGCIZbvxol,,,,,44.283,-89.8861,anonymous,EN,5f69602cf5d6dd1506d536b4,-4,
2022-11-30 17:14:20,2022-11-30 17:14:50,0,207.151.52.36,100,29,1,2022-11-30 17:14:50,R_2PomRfaRFh3zUoK,,,,,34.0322,-118.2836,anonymous,EN,61121f543e34a76cd604148c,,
2022-11-30 17:14:05,2022-11-30 17:15:12,0,172.56.38.183,100,67,1,2022-11-30 17:15:13,R_2Pv7gSJwPoidvj8,,,,,38.0004,-121.3105,anonymous,EN,608f2bae0ee0a74455533e4c,-1,
2022-11-30 17:17:13,2022-11-30 17:17:43,0,71.87.42.229,100,30,1,2022-11-30 17:17:44,R_1pF32ITw70rBPfH,,,,,43.7746,-88.4376,anonymous,EN,5bdf49f0af2dc600013e318c,,-2
2022-11-30 17:19:28,2022-11-30 17:19:44,0,71.58.105.0,100,15,1,2022-11-30 17:19:44,R_spqNNtFGs9PxjG1,,,,,40.8103,-77.888,anonymous,EN,610acd05a1f63b626b20ee3a,-8,
2022-11-30 17:18:50,2022-11-30 17:19:48,0,73.162.126.208,100,57,1,2022-11-30 17:19:48,R_NW7dRkLt71LHQch,,,,,37.8135,-121.9658,anonymous,EN,615a1f42a3ce6e86bed8515,-4,
2022-11-30 17:19:26,2022-11-30 17:19:50,0,24.13.62.250,100,24,1,2022-11-30 17:19:51,R_3PLJ98kc4ebp7JG,,,,,41.923,-87.7531,anonymous,EN,6110abe160a80a8e7d5e3a06,-6,
2022-11-30 17:19:40,2022-11-30 17:20:16,0,66.69.185.38,100,35,1,2022-11-30 17:20:17,R_31usYmlFavKCYjr,,,,,33.0951,-96.8805,anonymous,EN,59a3d5439b845f0001ec1f25,,7
2022-11-30 17:20:04,2022-11-30 17:20:43,0,50.110.19.86,100,39,1,2022-11-30 17:20:44,R_242yTr5AABDzSCc,,,,,38.2874,-81.807,anonymous,EN,63813303bf22d37fba910c95,10,
2022-11-30 17:19:58,2022-11-30 17:21:27,0,73.163.158.213,100,88,1,2022-11-30 17:21:27,R_3isd4S8VvRYVB0f,,,,,38.9522,-77.0253,anonymous,EN,601606098a88c4772f7db43c,,-6
2022-11-30 17:21:11,2022-11-30 17:21:50,0,73.211.215.240,100,38,1,2022-11-30 17:21:50,R_b2d4MYK9Kl8PwUF,,,,,42.176,-87.809,anonymous,EN,632ae06f0cdff574a326da20,,7
2022-11-30 17:21:27,2022-11-30 17:22:26,0,97.81.176.190,100,58,1,2022-11-30 17:22:27,R_1loxQO8U6BiF68g,,,,,36.2178,-85.5423,anonymous,EN,5e9f8d2463508412377fe12e,,7
2022-11-30 17:22:14,2022-11-30 17:22:48,0,98.155.136.137,100,34,1,2022-11-30 17:22:48,R_2TRlmORJs19KgtY,,,,,20.8959,-156.509,anonymous,EN,60fd3cd100cfd3da1b3b9e11,0,
2022-11-30 17:23:19,2022-11-30 17:23:59,0,153.90.19.111,100,40,1,2022-11-30 17:24:00,R_300uiizjodShGkk,,,,,45.6714,-111.0436,anonymous,EN,6282a9b9015ed5c3dbf566b3,0,
2022-11-30 17:23:41,2022-11-30 17:24:01,0,75.140.166.38,100,20,1,2022-11-30 17:24:01,R_XiFQYZIci9oE2IN,,,,,34.9334,-81.9689,anonymous,EN,62d6e24cf74647ef51a16300,,-7
2022-11-30 17:23:40,2022-11-30 17:24:20,0,70.181.93.90,100,39,1,2022-11-30 17:24:20,R_2X5l2F19oDc4aRe,,,,,33.672,-117.7402,anonymous,EN,6111d437d89c3f011ba8ce63,,0
2022-11-30 17:23:21,2022-11-30 17:24:20,0,75.133.248.97,100,58,1,2022-11-30 17:24:21,R_3j3EYvlCNfOqMno,,,,,43.6055,-84.7796,anonymous,EN,60ce15b1956bb0e5e00098ea,,-8
2022-11-30 17:23:48,2022-11-30 17:24:21,0,73.116.238.35,100,32,1,2022-11-30 17:24:21,R_bHm7s5zHJQ68B2h,,,,,37.3472,-120.6039,anonymous,EN,5a6cfad8ab58b500015f56ef,-6,
2022-11-30 17:23:44,2022-11-30 17:24:21,0,108.4.76.128,100,37,1,2022-11-30 17:24:21,R_11XeWEyysmIaB9Z,,,,,37.4612,-77.395,anonymous,EN,5e29ed78eb557a05536b8442,-2,
2022-11-30 17:24:50,2022-11-30 17:25:34,0,107.122.109.44,100,44,1,2022-11-30 17:25:34,R_234x6udM62rOdde,,,,,25.7846,-80.233,anonymous,EN,5fc6d0e5563ad810513c9c7a,2,
2022-11-30 17:25:43,2022-11-30 17:26:01,0,107.122.109.44,100,17,1,2022-11-30 17:26:01,R_3g60YsRaKSAzWpj,,,,,25.7846,-80.233,anonymous,EN,5fc6d0e5563ad810513c9c7a,,2
2022-11-30 17:25:24,2022-11-30 17:26:58,0,23.121.37.173,100,94,1,2022-11-30 17:26:59,R_pzWJURTpiSIzzW1,,,,,30.1918,-81.6028,anonymous,EN,6387984be099d077b7cd8508,-6,
2022-11-30 17:26:32,2022-11-30 17:27:04,0,104.0.164.100,100,32,1,2022-11-30 17:27:05,R_3QKT19i0T7Odaj2,,,,,33.2,-87.56,anonymous,EN,630e0e5d10c418991ce50062,,0
2022-11-30 17:27:28,2022-11-30 17:27:58,0,75.67.43.45,100,30,1,2022-11-30 17:27:58,R_2BlYplpm8Wa870V,,,,,42.7578,-71.4699,anonymous,EN,5b5b455d8fb47700015830b7,,-6
2022-11-30 17:27:34,2022-11-30 17:28:07,0,166.196.86.40,100,33,1,2022-11-30 17:28:08,R_2QGmtUwOYzPyHMv,,,,,33.5203,-86.8092,anonymous,EN,6102280c59d8caf66f1df675,0,
2022-11-30 17:28:03,2022-11-30 17:28:20,0,142.129.162.71,100,17,1,2022-11-30 17:28:21,R_323n0tgSj467wXX,,,,,33.8789,-117.5353,anonymous,EN,55899789fdf99b7ae5007a5b,5,
2022-11-30 17:27:52,2022-11-30 17:28:26,0,174.55.202.170,100,33,1,2022-11-30 17:28:27,R_4Ge7pfw5giXTx3b,,,,,40.2389,-77.1935,anonymous,EN,5b745d7bea73590001e99b25,1,
2022-11-30 17:29:59,2022-11-30 17:30:39,0,74.133.187.64,100,39,1,2022-11-30 17:30:39,R_ZfnKp9FNeAvoUAV,,,,,39.2607,-84.4111,anonymous,EN,5e8ea833d4e24915d6880320,,0
2022-11-30 17:30:10,2022-11-30 17:30:42,0,68.5.222.102,100,31,1,2022-11-30 17:30:42,R_vOjdY2b7WcXT2ZX,,,,,33.5879,-117.6974,anonymous,EN,5fcdbe153ce79b287e15344e,0,
2022-11-30 17:30:15,2022-11-30 17:30:59,0,73.163.46.21,100,44,1,2022-11-30 17:30:59,R_2Xdj9fk6cewYYBv,,,,,38.6075,-76.6046,anonymous,EN,60c417aec3690a7973af2570,,6
2022-11-30 17:31:06,2022-11-30 17:31:28,0,174.56.105.29,100,21,1,2022-11-30 17:31:28,R_2AE8DTZfcXuvECd,,,,,35.0506,-106.7249,anonymous,EN,61083712377e2db34e2b3cd2,1,
2022-11-30 17:30:41,2022-11-30 17:31:49,0,24.218.217.129,100,67,1,2022-11-30 17:31:49,R_29ozwVzzLG8rOzo,,,,,42.3474,-71.1582,anonymous,EN,638672145756739609b9eada,,-2
2022-11-30 17:31:55,2022-11-30 17:32:23,0,23.113.25.18,100,27,1,2022-11-30 17:32:23,R_qDvuVQQeo9UVZ85,,,,,32.7794,-117.1366,anonymous,EN,60f2570c0e231df8115f4752,10,
2022-11-30 17:32:02,2022-11-30 17:32:30,0,47.227.79.45,100,28,1,2022-11-30 17:32:31,R_3gSE346eAJJVm8V,,,,,39.8238,-86.1407,anonymous,EN,5ec4518490fffd14b4d9b2c8,6,
2022-11-30 17:32:33,2022-11-30 17:32:42,0,65.155.1.194,100,9,1,2022-11-30 17:32:42,R_1hRL3MuYPmpJInA,,,,,38.8129,-104.766,anonymous,EN,62dc684ed7cae74b8b1fae8d,,-4
2022-11-30 17:32:45,2022-11-30 17:33:20,0,45.22.101.80,100,35,1,2022-11-30 17:33:20,R_1f401yYbm6gwWDl,,,,,29.6584,-98.4987,anonymous,EN,60fd8cf1b99f6ccb0e5fc85a,10,
2022-11-30 17:31:19,2022-11-30 17:33:39,0,66.60.96.131,100,139,1,2022-11-30 17:33:40,R_24IfALYExwtnfhL,,,,,40.1777,-111.5344,anonymous,EN,5ff34b3430cadf0e068cad6e,,-5
2022-11-30 17:33:16,2022-11-30 17:33:54,0,76.185.104.121,100,38,1,2022-11-30 17:33:55,R_1cYsKtM98NcRXs7,,,,,32.8131,-96.8141,anonymous,EN,6111308dc631d4011ef43a73,-1,
2022-11-30 17:34:19,2022-11-30 17:34:57,0,67.43.219.108,100,38,1,2022-11-30 17:34:58,R_1rDi8BPqnSwnu2V,,,,,41.8733,-103.6614,anonymous,EN,622a04c3557ea04c82c8f62f,,6
2022-11-30 17:35:00,2022-11-30 17:35:28,0,104.188.25.233,100,27,1,2022-11-30 17:35:28,R_3oKHJLt04PkDi7C,,,,,36.1175,-95.8196,anonymous,EN,637e8687925784a886075bf4,-4,
2022-11-30 17:35:24,2022-11-30 17:35:42,0,205.213.104.123,100,17,1,2022-11-30 17:35:43,R_3QLBBMRAOZV8P3H,,,,,43.1205,-89.3523,anonymous,EN,5f7058deeb83ab60bb836eae,,2
2022-11-30 17:35:24,2022-11-30 17:36:01,0,72.211.131.118,100,37,1,2022-11-30 17:36:01,R_2QXJg7FzpW1AM17,,,,,32.8946,-111.7493,anonymous,EN,5f064d893d76681a2cabc49e,9,
2022-11-30 17:35:37,2022-11-30 17:36:05,0,75.188.68.108,100,27,1,2022-11-30 17:36:05,R_1QufxMSEnYTUrZ1,,,,,40.0337,-83.1319,anonymous,EN,633379e346d2716eae353597,-10,
2022-11-30 17:36:10,2022-11-30 17:36:36,0,64.188.185.145,100,25,1,2022-11-30 17:36:36,R_2OJu2apFZV86WWd,,,,,33.0951,-98.5923,anonymous,EN,5e11e7aba7fba686b2cb3341,-10,
2022-11-30 17:36:22,2022-11-30 17:36:48,0,128.252.229.138,100,26,1,2022-11-30 17:36:48,R_2ci8wNvZhjaz1Uy,,,,,38.6487,-90.3297,anonymous,EN,63614a372fef8174fe8363f1,8,
2022-11-30 17:36:38,2022-11-30 17:36:56,0,174.255.2.150,100,18,1,2022-11-30 17:36:56,R_3QMjudw8emsq6MC,,,,,44.9834,-93.2622,anonymous,EN,5f7dd6ed4303f7000814dd3b,,1
2022-11-30 17:37:31,2022-11-30 17:37:53,0,141.214.17.220,100,22,1,2022-11-30 17:37:53,R_3j978an0GoKweFg,,,,,42.2804,-83.7325,anonymous,EN,631947d832abc57a51118257,,
2022-11-30 17:35:40,2022-11-30 17:38:18,0,75.87.230.250,100,157,1,2022-11-30 17:38:18,R_1CDu6saKYIb2uQR,,,,,32.9761,-115.5291,anonymous,EN,6007776684975127676717c4,,-2
2022-11-30 17:37:57,2022-11-30 17:38:37,0,136.52.111.210,100,39,1,2022-11-30 17:38:37,R_1QrwBmsASFYcYB9,,,,,33.7389,-117.748,anonymous,EN,588da085a2a9930001721bc8,8,
2022-11-30 17:38:33,2022-11-30 17:38:46,0,65.25.184.181,100,13,1,2022-11-30 17:38:46,R_3j8tzPpFlAKYYFK,,,,,43.238,-87.9894,anonymous,EN,5f4c4dd50a92c286c1972f06,,-10
2022-11-30 17:38:12,2022-11-30 17:38:53,0,172.56.65.130,100,41,1,2022-11-30 17:38:54,R_1LvvItMvuZh45HH,,,,,33.792,-84.2049,anonymous,EN,5c2414b8101408000140617a,,-10
2022-11-30 17:39:03,2022-11-30 17:39:17,0,47.154.154.245,100,13,1,2022-11-30 17:39:17,R_1C9pU5eyed1CpdT,,,,,33.6598,-117.3485,anonymous,EN,630051de1dfc7f3ba6bb40cc,,-5
2022-11-30 17:38:53,2022-11-30 17:39:25,0,73.88.242.23,100,31,1,2022-11-30 17:39:25,R_10ooVT3SalxTjMM,,,,,36.1093,-86.8653,anonymous,EN,5f7b8d1186b828165dae8e5f,,-8
2022-11-30 17:39:26,2022-11-30 17:39:54,0,104.2.159.125,100,28,1,2022-11-30 17:39:55,R_3DjemA5iwBDqoDD,,,,,41.3881,-81.4381,anonymous,EN,62fdcda607c1d770ba1c6da8,,-8
2022-11-30 17:39:40,2022-11-30 17:40:12,0,165.225.220.229,100,32,1,2022-11-30 17:40:13,R_SH6kw7VUY8UoiXL,,,,,40.782,-73.9953,anonymous,EN,5de81d685a8f94795b893d45,,0
2022-11-30 17:39:29,2022-11-30 17:40:12,0,108.56.232.153,100,43,1,2022-11-30 17:40:13,R_1LukGQCCB7U9ILm,,,,,38.867,-76.8173,anonymous,EN,633872ba6dfc63a1faf7112d,,-8
2022-11-30 17:39:54,2022-11-30 17:40:19,0,71.80.58.45,100,25,1,2022-11-30 17:40:19,R_9Z9SGGWaxMqcFP3,,,,,35.6865,-81.3664,anonymous,EN,6333c1f5756acfabfde457ed,-8,
2022-11-30 17:40:46,2022-11-30 17:41:49,0,68.114.251.198,100,62,1,2022-11-30 17:41:49,R_2X4jm2LaXyLPo6b,,,,,44.166,-87.5832,anonymous,EN,5dd371cada167d3773d4ee9e,,-4
2022-11-30 17:41:56,2022-11-30 17:42:18,0,24.198.76.190,100,22,1,2022-11-30 17:42:18,R_OO9t87EssNs3ib7,,,,,43.0842,-75.2287,anonymous,EN,5678620289319e0011651232,,10
2022-11-30 17:42:10,2022-11-30 17:43:03,0,73.60.112.99,100,52,1,2022-11-30 17:43:03,R_3NvXIzrizekaqP5,,,,,42.5181,-70.899,anonymous,EN,59ba2a6e6495ef00019fbd70,,6
2022-11-30 17:42:11,2022-11-30 17:43:31,0,71.236.238.36,100,80,1,2022-11-30 17:43:31,R_31pGVtwHhY5B6AJ,,,,,45.4125,-122.7241,anonymous,EN,6100a65828da5be11d11c404,-8,
2022-11-30 17:42:53,2022-11-30 17:43:38,0,98.208.224.55,100,44,1,2022-11-30 17:43:38,R_1GKvPVFoSlvzdqA,,,,,26.6681,-81.7646,anonymous,EN,60fd0c7f3feef315172385cf,-6,
2022-11-30 17:43:25,2022-11-30 17:43:48,0,73.161.253.178,100,23,1,2022-11-30 17:43:48,R_2v7m7Qw1YfmkSEq,,,,,42.7367,-84.4758,anonymous,EN,5ef8c7d9b630670523229373,,-8
2022-11-30 17:42:48,2022-11-30 17:43:53,0,69.131.221.35,100,64,1,2022-11-30 17:43:53,R_1ONrtdoGrnXkzBR,,,,,39.4277,-85.5994,anonymous,EN,58a53ea734fcb30001053e08,-3,
2022-11-30 17:43:39,2022-11-30 17:44:03,0,174.74.213.36,100,24,1,2022-11-30 17:44:03,R_8BUZfgdrVoRGQ3T,,,,,33.6338,-112.2066,anonymous,EN,58a9bada6a8d3b00017eccc2,-2,
2022-11-30 17:43:57,2022-11-30 17:44:18,0,73.13.190.129,100,21,1,2022-11-30 17:44:19,R_26hDCFJaQZO5odr,,,,,40.0378,-75.0693,anonymous,EN,5fb9a27e3bdaed8b802b787b,4,
2022-11-30 17:44:09,2022-11-30 17:44:26,0,24.101.34.43,100,16,1,2022-11-30 17:44:26,R_1jB1kkFejC3LB6F,,,,,41.022,-80.6659,anonymous,EN,5e38d8e9dc4a340fe4a9dd4e,,-6
2022-11-30 17:44:36,2022-11-30 17:45:12,0,68.80.206.137,100,36,1,2022-11-30 17:45:12,R_10AvNIHRK5V3hm5,,,,,40.1136,-74.9396,anonymous,EN,559d9916fdf99b1e2b2dc6b8,0,
2022-11-30 17:44:22,2022-11-30 17:45:14,0,50.226.33.195,100,52,1,2022-11-30 17:45:14,R_3HHx46BJzr2wo1h,,,,,28.3907,-80.7851,anonymous,EN,5783abeebaec1b00016943d9,-6,
2022-11-30 17:45:07,2022-11-30 17:45:28,0,66.25.170.114,100,21,1,2022-11-30 17:45:29,R_2AS9RDHA1gjvJUR,,,,,29.4187,-98.6882,anonymous,EN,63614b359d18691d2dc8d8c6,,-2
2022-11-30 17:45:48,2022-11-30 17:46:27,0,71.31.215.58,100,39,1,2022-11-30 17:46:28,R_3ha2ZxmRo2QYCHu,,,,,37.2664,-84.6026,anonymous,EN,6369174d2ded623f59d94e9d,-3,
2022-11-30 17:46:06,2022-11-30 17:46:31,0,96.42.88.149,100,25,1,2022-11-30 17:46:32,R_2pPKi1bwqjPmHDX,,,,,44.009,-92.3934,anonymous,EN,6150b0f1ea43af10285ea4b9,,-8
2022-11-30 17:46:44,2022-11-30 17:47:09,0,38.75.237.9,100,24,1,2022-11-30 17:47:09,R_3G6uaWNXFYGHXDb,,,,,40.597,-105.0589,anonymous,EN,5f4a761d2a3d075f5bf652cc,,-10
2022-11-30 17:46:52,2022-11-30 17:47:18,0,73.175.157.233,100,26,1,2022-11-30 17:47:18,R_wZTBsLy306hp8ul,,,,,40.5056,-78.0086,anonymous,EN,57a7abb9ad1a6c0001468d45,,-2
2022-11-30 17:46:47,2022-11-30 17:47:22,0,76.142.102.13,100,34,1,2022-11-30 17:47:22,R_1IcuYGUstoH0n5c,,,,,29.397,-94.9203,anonymous,EN,592f09f14217c40001a76e8e,0,
2022-11-30 17:47:13,2022-11-30 17:47:51,0,172.58.73.152,100,37,1,2022-11-30 17:47:51,R_1nUPYVfzFQZXxgA,,,,,40.65,-112.0061,anonymous,EN,628be3bb8e35fb76476d0fa4,-4,
2022-11-30 17:44:48,2022-11-30 17:48:18,0,24.111.199.72,100,210,1,2022-11-30 17:48:19,R_1rDo3MTRQcRBino,,,,,46.8045,-100.7865,anonymous,EN,6317ff092d6b47344b7d1ec5,4,
2022-11-30 17:48:11,2022-11-30 17:48:37,0,68.48.52.84,100,26,1,2022-11-30 17:48:38,R_82ie6oHKeCSDcqt,,,,,43.2369,-86.1951,anonymous,EN,5cfe79d535026c001a0d829c,1,
2022-11-30 17:46:55,2022-11-30 17:49:44,0,71.62.89.155,100,169,1,2022-11-30 17:49:44,R_vPNrVBKl5GbV3NL,,,,,38.1551,-79.0608,anonymous,EN,5a78f57a2a842c0001fc43db,-4,
2022-11-30 17:49:34,2022-11-30 17:49:52,0,74.83.118.220,100,17,1,2022-11-30 17:49:52,R_ZKa1myzyXNoYwnL,,,,,39.336,-84.3126,anonymous,EN,572b6ced3ab9df0008b9ad52,,-6
2022-11-30 17:49:35,2022-11-30 17:50:05,0,70.117.12.142,100,30,1,2022-11-30 17:50:06,R_xxOWnGhA9ARuOQ1,,,,,29.4187,-98.6882,anonymous,EN,5dda9b9a9d9e30a06d320ffb,0,
2022-11-30 17:49:48,2022-11-30 17:50:18,0,66.189.253.100,100,29,1,2022-11-30 17:50:18,R_2QzizyYS1DmPOST,,,,,38.9846,-119.1556,anonymous,EN,602348484d326a1c5aa80bb7,,-2
2022-11-30 17:49:54,2022-11-30 17:50:19,0,72.194.35.18,100,24,1,2022-11-30 17:50:19,R_3KIytaOy7IiWnqJ,,,,,34.4265,-119.8631,anonymous,EN,632376ed7030185ea2acda18,-2,
2022-11-30 17:50:34,2022-11-30 17:51:25,0,173.23.42.244,100,50,1,2022-11-30 17:51:25,R_PCD2sHvZVyfvijD,,,,,42.0979,-89.0838,anonymous,EN,5a6ab0fbab58b500015f29db,,-1
2022-11-30 17:51:20,2022-11-30 17:51:56,0,173.169.56.197,100,36,1,2022-11-30 17:51:56,R_pfPPt7jTiCDGh3z,,,,,28.0117,-82.582,anonymous,EN,60ff4fc94dbc53a93c790a0b,3,
2022-11-30 17:51:33,2022-11-30 17:52:11,0,107.77.198.234,100,38,1,2022-11-30 17:52:12,R_3n7dgS4FfNXIgDp,,,,,32.7797,-96.8022,anonymous,EN,5993b6ef7be18f00018290b5,,-5
2022-11-30 17:52:57,2022-11-30 17:53:22,0,73.87.136.84,100,24,1,2022-11-30 17:53:22,R_1CDhu7ov84VPrBz,,,,,38.8155,-77.1205,anonymous,EN,5f989fa02b5a611b2df1a305,,1
2022-11-30 17:52:49,2022-11-30 17:53:29,0,142.197.228.246,100,39,1,2022-11-30 17:53:30,R_Xn9hxi8GjdfXah3,,,,,29.4843,-81.2042,anonymous,EN,55fb0c5377f33b0005cb1f12,1,
2022-11-30 17:53:02,2022-11-30 17:54:33,0,71.65.72.120,100,90,1,2022-11-30 17:54:33,R_2tGuQ1EHMofIlhR,,,,,39.0235,-84.2083,anonymous,EN,6111535477f8632ee162925b,8,
2022-11-30 17:54:24,2022-11-30 17:54:58,0,68.196.90.201,100,34,1,2022-11-30 17:54:58,R_cAoU4Sv1TFMgSxb,,,,,40.9238,-73.9989,anonymous,EN,5fd9ad6dab00c64c8a45c9fc,-4,
2022-11-30 17:54:25,2022-11-30 17:54:59,0,24.91.25.174,100,34,1,2022-11-30 17:55:00,R_3KJWBlvt4V6g2IG,,,,,41.5481,-73.0012,anonymous,EN,62dee5f2ad4598079383a5aa,-3,
2022-11-30 17:54:44,2022-11-30 17:55:08,0,50.96.165.20,100,24,1,2022-11-30 17:55:08,R_3Oqs4Yn7zYLzFrY,,,,,34.7828,-84.9332,anonymous,EN,59a86c7c766ed90001068222,,-8
2022-11-30 17:55:08,2022-11-30 17:56:02,0,73.194.152.251,100,53,1,2022-11-30 17:56:02,R_1DwJ95HD1pJFdqM,,,,,39.8013,-75.0031,anonymous,EN,60d22b95ea12a89273fde27d,,-5
2022-11-30 17:55:01,2022-11-30 17:56:06,0,174.233.16.42,100,65,1,2022-11-30 17:56:06,R_1pSBRXUKLzH5vzA,,,,,42.3562,-71.0631,anonymous,EN,5ed40ddff615650a50f1cbb2,,-10
2022-11-30 17:55:55,2022-11-30 17:56:29,0,172.56.88.217,100,33,1,2022-11-30 17:56:30,R_2sEDIipFkNwUKWt,,,,,29.4963,-98.4004,anonymous,EN,6305235d094b81500c5e3371,-7,
2022-11-30 17:54:58,2022-11-30 17:56:37,0,71.71.177.140,100,98,1,2022-11-30 17:56:37,R_3EjaHPw2iObdAoh,,,,,35.6206,-80.4029,anonymous,EN,628bbe2c0f8080e6985e8592,-2,
2022-11-30 17:56:25,2022-11-30 17:56:59,0,68.51.55.249,100,33,1,2022-11-30 17:56:59,R_2eWEYtC3ig9ZRUD,,,,,40.3228,-86.8881,anonymous,EN,5b0482fc325b6c0001bbb7f0,,9
2022-11-30 17:56:43,2022-11-30 17:57:09,0,65.60.147.128,100,26,1,2022-11-30 17:57:10,R_3kzdOvh13QnQSZT,,,,,39.953,-83.0767,anonymous,EN,6279c1daff96f85ae66373e0,10,
2022-11-30 17:56:37,2022-11-30 17:57:13,0,68.184.17.37,100,35,1,2022-11-30 17:57:13,R_3HUfZR6mvwFYWmR,,,,,41.7684,-72.2032,anonymous,EN,5ea8154dcfd4dd20473ed88e,,-4
2022-11-30 17:56:25,2022-11-30 17:57:26,0,107.115.239.104,100,60,1,2022-11-30 17:57:26,R_2wohZvQmxkdCk47,,,,,39.7388,-104.9868,anonymous,EN,637e4fc1594d2ded19f7e071,10,
2022-11-30 17:57:15,2022-11-30 17:57:38,0,71.80.120.137,100,22,1,2022-11-30 17:57:38,R_2qkZZ55KNzD7cZS,,,,,41.6329,-72.2387,anonymous,EN,5a35ecbf57d4450001236fd3,-9,
2022-11-30 17:57:03,2022-11-30 17:57:46,0,76.175.135.12,100,42,1,2022-11-30 17:57:46,R_1d5dL20lPylrFNN,,,,,33.9571,-118.3622,anonymous,EN,62ba3c827ac84619443dc63d,,10
2022-11-30 17:57:45,2022-11-30 17:58:25,0,71.231.185.126,100,40,1,2022-11-30 17:58:26,R_31mA2XdxYkebiCL,,,,,47.6722,-122.1257,anonymous,EN,5dd3bfcd8b8df139ce007928,,-3
2022-11-30 17:57:59,2022-11-30 17:58:27,0,205.178.76.145,100,28,1,2022-11-30 17:58:28,R_zchaVlSSAHZP6aB,,,,,41.9215,-87.6446,anonymous,EN,5ffb6a7ad424e65d160a44ea,-2,
2022-11-30 17:58:05,2022-11-30 17:58:31,0,73.14.62.50,100,25,1,2022-11-30 17:58:31,R_SMBEZpWN3DhJ9dL,,,,,39.9636,-104.9072,anonymous,EN,616c4f1eacaf6dcc36160230,,7
2022-11-30 17:58:23,2022-11-30 17:58:45,0,69.137.242.198,100,21,1,2022-11-30 17:58:45,R_1HbGcOOP2kbTpvv,,,,,28.9351,-81.9903,anonymous,EN,62951620b89e0ab0b347cfa1,-9,
2022-11-30 17:58:47,2022-11-30 17:59:07,0,98.220.10.220,100,20,1,2022-11-30 17:59:08,R_12mbL3pRuqlDMUb,,,,,41.946,-87.7033,anonymous,EN,615a1d9297d4e05d6df9da22,,0
2022-11-30 17:59:20,2022-11-30 17:59:40,0,174.204.200.10,100,20,1,2022-11-30 17:59:41,R_29uiHQNZetvd3G3,,,,,45.4805,-122.6363,anonymous,EN,5e772247e977a228b7f62f86,,-6
2022-11-30 17:59:27,2022-11-30 17:59:47,0,184.15.56.72,100,20,1,2022-11-30 17:59:48,R_3DhafDVEkQNK4dH,,,,,39.2861,-80.5544,anonymous,EN,570d891d42a1db000fc65b4d,,-6
2022-11-30 17:59:31,2022-11-30 18:00:09,0,47.151.12.198,100,38,1,2022-11-30 18:00:10,R_2PpRvIDapTDiizg,,,,,33.7518,-117.9932,anonymous,EN,5928b05e590f0b000126edb8,-10,
2022-11-30 17:57:28,2022-11-30 18:00:13,0,174.64.160.133,100,164,1,2022-11-30 18:00:13,R_2rVeZEO3Ucx5wy3,,,,,30.0053,-91.8226,anonymous,EN,63336348c3ae085755192b6a,,-1
2022-11-30 17:59:28,2022-11-30 18:00:17,0,70.186.202.205,100,49,1,2022-11-30 18:00:18,R_1gSKZtqTESBWvNS,,,,,37.2916,-76.4905,anonymous,EN,5dd3bdc79dac7c3a80032939,,-2
2022-11-30 18:00:13,2022-11-30 18:00:41,0,131.93.209.40,100,28,1,2022-11-30 18:00:41,R_1r6tuUdmBubqDNf,,,,,43.0344,-89.5007,anonymous,EN,59b0106d834a170001d6061c,-2,
2022-11-30 18:00:32,2022-11-30 18:00:53,0,74.64.248.30,100,20,1,2022-11-30 18:00:53,R_3LbwumAxBDKHYMP,,,,,40.7149,-73.9893,anonymous,EN,5d55a1f2fab56e000140df8f,,0
2022-11-30 18:00:25,2022-11-30 18:01:14,0,172.58.179.89,100,49,1,2022-11-30 18:01:14,R_1DRXFrGYfTWITpg,,,,,32.7943,-96.7462,anonymous,EN,5ce4eea02210eb0017870791,,7
2022-11-30 18:01:09,2022-11-30 18:01:54,0,73.160.49.125,100,45,1,2022-11-30 18:01:55,R_2V2fOKh0ZuZazw0,,,,,39.3667,-75.0308,anonymous,EN,601991eca575400d9ad37546,4,
2022-11-30 18:01:29,2022-11-30 18:01:57,0,68.49.227.187,100,27,1,2022-11-30 18:01:57,R_bkJZhfSXBDjIcUh,,,,,42.6426,-84.5221,anonymous,EN,5df1822669a11709f1421d2e,,8
2022-11-30 18:01:42,2022-11-30 18:02:10,0,96.39.250.1,100,28,1,2022-11-30 18:02:10,R_1d9Pi9coAmOzNDo,,,,,34.011,-118.1145,anonymous,EN,60de6eaecf5d59c0e0670050,1,
2022-11-30 17:57:06,2022-11-30 18:02:59,0,104.137.34.243,100,353,1,2022-11-30 18:02:59,R_AKGL9dW0pVJOADv,,,,,32.4973,-86.3649,anonymous,EN,5bcfcdbd77740000016b425a,-8,
2022-11-30 18:03:15,2022-11-30 18:03:47,0,70.44.186.124,100,31,1,2022-11-30 18:03:47,R_3sglYVJOK90h8Fj,,,,,40.6276,-75.6011,anonymous,EN,60fce0e83002bd32a1a4cfa3,-6,
2022-11-30 18:03:18,2022-11-30 18:03:49,0,72.220.218.93,100,30,1,2022-11-30 18:03:49,R_AEx0sex4IQ4HNT3,,,,,32.6065,-117.058,anonymous,EN,61116fb00f7f0fbacf0714f9,-6,
2022-11-30 18:03:58,2022-11-30 18:04:14,0,71.58.191.37,100,16,1,2022-11-30 18:04:14,R_1ltwUoxYXN17dre,,,,,41.2382,-76.9978,anonymous,EN,5a18805f087f2e0001eaf737,,-4
2022-11-30 18:03:43,2022-11-30 18:04:27,0,166.181.80.73,100,44,1,2022-11-30 18:04:28,R_2BxG5F682Ub6iGy,,,,,41.6021,-93.6124,anonymous,EN,601c170bd8db9368fc2d996b,,2
2022-11-30 18:04:09,2022-11-30 18:04:32,0,184.83.84.10,100,23,1,2022-11-30 18:04:33,R_3neN2ikELU5HmEV,,,,,43.5454,-96.6312,anonymous,EN,62865c743c2f320d48ab2912,-3,
2022-11-30 18:04:25,2022-11-30 18:04:43,0,24.96.74.62,100,18,1,2022-11-30 18:04:43,R_22DfXLDMRk4vQVy,,,,,34.7095,-86.7361,anonymous,EN,5a08c9a7f2e3460001edb063,-10,
2022-11-30 18:04:25,2022-11-30 18:04:44,0,73.223.236.18,100,19,1,2022-11-30 18:04:44,R_1Ntdbt5f6JPOdYs,,,,,37.3028,-121.9982,anonymous,EN,6361c30e6cce2905491c97de,,-8
2022-11-30 18:05:00,2022-11-30 18:05:21,0,174.97.77.210,100,20,1,2022-11-30 18:05:21,R_214kiXBd7DBgnIo,,,,,39.4347,-84.6208,anonymous,EN,603ae163f21b736f470992bd,,5
2022-11-30 18:05:05,2022-11-30 18:05:49,0,66.188.78.5,100,44,1,2022-11-30 18:05:50,R_1I5TqrvtM1ntatS,,,,,34.3089,-83.8249,anonymous,EN,637e447c16e05f6828930612,9,
2022-11-30 18:05:55,2022-11-30 18:06:15,0,97.102.8.130,100,20,1,2022-11-30 18:06:16,R_3p9Kr58VPk7vYR4,,,,,28.1822,-80.6117,anonymous,EN,6277f959ae36650e8c621776,0,
2022-11-30 18:06:14,2022-11-30 18:06:38,0,69.136.115.216,100,23,1,2022-11-30 18:06:38,R_1onA9PaS7U42PFm,,,,,32.4047,-111.2736,anonymous,EN,62bddb63d7c84ff6e9c592f5,-10,
2022-11-30 18:06:30,2022-11-30 18:07:01,0,98.32.232.234,100,30,1,2022-11-30 18:07:01,R_1eLcU7W6FsJOdan,,,,,41.7017,-86.2913,anonymous,EN,5c3685298bff0f0001aeeb78,8,
2022-11-30 18:06:45,2022-11-30 18:07:06,0,47.50.195.14,100,21,1,2022-11-30 18:07:06,R_3qmJwR34sX4sTpo,,,,,38.257,-90.5801,anonymous,EN,60a1e1f4a3707c983a98f185,,-10
2022-11-30 18:07:03,2022-11-30 18:07:26,0,174.72.132.192,100,23,1,2022-11-30 18:07:27,R_1gRYzWQ3DKloFmH,,,,,35.9854,-115.1193,anonymous,EN,5d17ce93ac37cd0019535088,4,
2022-11-30 18:07:12,2022-11-30 18:07:33,0,104.220.217.82,100,21,1,2022-11-30 18:07:34,R_2sXO68TdwNasXWI,,,,,38.681,-121.7382,anonymous,EN,631e8e47fd494b9c8ccc6f2f,,3
2022-11-30 18:05:32,2022-11-30 18:07:39,0,73.249.178.214,100,126,1,2022-11-30 18:07:39,R_1FxnBkHVJfeifPH,,,,,42.2426,-70.8144,anonymous,EN,62b5beb2634df44537eb05c3,,-1
2022-11-30 18:07:24,2022-11-30 18:07:42,0,64.251.96.96,100,18,1,2022-11-30 18:07:42,R_1cUhqNfqof78S3f,,,,,30.0794,-90.4919,anonymous,EN,578b5756160201000103fe40,5,
2022-11-30 18:07:20,2022-11-30 18:07:46,0,216.184.42.212,100,26,1,2022-11-30 18:07:46,R_1DZieFbhsRop7Kx,,,,,42.3876,-85.9597,anonymous,EN,62444b95055492f573b21d42,,-4
2022-11-30 18:07:53,2022-11-30 18:08:15,0,24.218.185.99,100,22,1,2022-11-30 18:08:15,R_2eOJ3ti8WeibMkj,,,,,42.4178,-71.1134,anonymous,EN,6294ea877522945ad8df1578,,-6
2022-11-30 18:07:20,2022-11-30 18:08:20,0,153.33.129.28,100,59,1,2022-11-30 18:08:20,R_1CJxmOtjmwSXMiQ,,,,,33.4306,-111.9256,anonymous,EN,5f5328104f8d2d6363b0e4ee,-4,
2022-11-30 18:07:30,2022-11-30 18:09:19,0,135.180.191.227,100,108,1,2022-11-30 18:09:19,R_uh39cf6aSRs0R4l,,,,,37.7652,-122.1579,anonymous,EN,62fee4976ce0883ebbc86e20,-9,
2022-11-30 18:08:58,2022-11-30 18:09:25,0,68.119.130.216,100,26,1,2022-11-30 18:09:25,R_554fpQdAmWn1v5D,,,,,34.1705,-117.5182,anonymous,EN,62827896d034545333f4610c,0,
2022-11-30 18:08:53,2022-11-30 18:09:26,0,73.225.52.52,100,32,1,2022-11-30 18:09:26,R_22skmYlstxfNRKe,,,,,47.6901,-122.3747,anonymous,EN,5e9a85295bb4c912892ff75f,,-6
2022-11-30 18:09:21,2022-11-30 18:09:50,0,141.214.17.228,100,29,1,2022-11-30 18:09:50,R_1M0t5kmJWrfxA0b,,,,,42.2807,-83.7801,anonymous,EN,6316b3bb5428889a3089cf98,-8,
2022-11-30 18:09:22,2022-11-30 18:10:14,0,47.157.101.133,100,52,1,2022-11-30 18:10:15,R_3Rfiq98iHRv73xU,,,,,34.0973,-117.907,anonymous,EN,62da0d692b89efcaba51846d,,5
2022-11-30 18:09:53,2022-11-30 18:10:17,0,69.174.137.1,100,24,1,2022-11-30 18:10:17,R_1dEJjhtqMT8BLMS,,,,,39.6421,-85.1439,anonymous,EN,629753864174e42d30576cf8,-6,
2022-11-30 18:09:48,2022-11-30 18:10:19,0,73.118.85.249,100,30,1,2022-11-30 18:10:19,R_3RrA0YlmMpjalCt,,,,,30.4805,-84.2243,anonymous,EN,63386e75b02c4d7013c1198b,,-8
2022-11-30 18:09:47,2022-11-30 18:10:22,0,174.51.183.30,100,34,1,2022-11-30 18:10:22,R_QhNKZgjgoq0D0sN,,,,,38.8585,-104.7162,anonymous,EN,5a01a0fd728b1b0001ad89f8,4,
2022-11-30 18:10:10,2022-11-30 18:10:47,0,47.25.86.212,100,36,1,2022-11-30 18:10:47,R_2roSd2MrFv3ZzQF,,,,,39.5502,-119.7207,anonymous,EN,5dd56a2ed6907251e83c7d70,,-7
2022-11-30 18:10:46,2022-11-30 18:11:12,0,98.182.40.55,100,25,1,2022-11-30 18:11:12,R_SDe2rkf33KFZrJ7,,,,,41.815,-71.3663,anonymous,EN,5c376ea0eecc440001c58889,,-8
2022-11-30 18:11:03,2022-11-30 18:11:45,0,24.184.248.46,100,41,1,2022-11-30 18:11:45,R_3KvbVfJfCrgsj9y,,,,,40.7662,-74.0178,anonymous,EN,5be10ec03e09dc00010e8ccc,,2
2022-11-30 18:11:33,2022-11-30 18:11:56,0,98.246.8.8,100,23,1,2022-11-30 18:11:57,R_2zjsjkH2b5OvJqR,,,,,45.5135,-122.5041,anonymous,EN,5d5defa4573c80001704d465,,0
2022-11-30 18:11:48,2022-11-30 18:12:13,0,143.59.109.240,100,25,1,2022-11-30 18:12:14,R_AiLJ8xF4ZUjmqXf,,,,,42.6919,-83.0558,anonymous,EN,5f32aab12a9f82000854c3ea,-10,
2022-11-30 18:12:41,2022-11-30 18:13:03,0,72.208.40.70,100,21,1,2022-11-30 18:13:03,R_1jiFCcfNePxw1Zc,,,,,33.3199,-112.0676,anonymous,EN,5a6f71ad82968f0001a69d1c,,4
2022-11-30 18:12:26,2022-11-30 18:13:16,0,24.23.0.67,100,50,1,2022-11-30 18:13:17,R_3nUSON4atDCiqrO,,,,,38.4819,-121.4024,anonymous,EN,5815369b94ecc900010b014e,-7,
2022-11-30 18:13:01,2022-11-30 18:13:26,0,68.50.100.29,100,25,1,2022-11-30 18:13:27,R_2Uho11vV6pEtklY,,,,,39.5992,-86.13,anonymous,EN,601581439865f1060313be50,,-8
2022-11-30 18:13:30,2022-11-30 18:13:58,0,198.217.31.2,100,27,1,2022-11-30 18:13:58,R_XGL2C9dM8rHt7kB,,,,,32.2503,-110.945,anonymous,EN,60fcd0f990314dce9c243fef,,-3
2022-11-30 18:13:51,2022-11-30 18:14:11,0,69.124.59.163,100,19,1,2022-11-30 18:14:11,R_242htfIWndWx1Yg,,,,,40.7701,-74.385,anonymous,EN,6112ab18c06a258786230595,3,
2022-11-30 18:13:56,2022-11-30 18:14:19,0,24.129.55.244,100,22,1,2022-11-30 18:14:19,R_1ouSJKN6XT68SnZ,,,,,30.45,-81.6624,anonymous,EN,62fc43ecd624bf1108703968,,-4
2022-11-30 18:14:08,2022-11-30 18:14:27,0,141.156.231.203,100,19,1,2022-11-30 18:14:28,R_2RalmPmUSWN8i1p,,,,,38.9522,-77.0253,anonymous,EN,5bc3949e35ed640001e277ba,10,
2022-11-30 18:14:54,2022-11-30 18:15:12,0,71.245.186.128,100,18,1,2022-11-30 18:15:13,R_3ptn4MWkyD2ZWT8,,,,,40.4625,-79.9461,anonymous,EN,63614ed8c5a922d6451c671c,-8,
2022-11-30 18:14:48,2022-11-30 18:15:30,0,24.129.96.251,100,42,1,2022-11-30 18:15:31,R_30jHFrQi6k2HnUk,,,,,30.3511,-81.506,anonymous,EN,5b5c3b266b25590001778ea1,3,
2022-11-30 18:15:02,2022-11-30 18:15:34,0,76.149.162.30,100,31,1,2022-11-30 18:15:34,R_2fCEQJyTeGk90bY,,,,,40.6124,-111.8832,anonymous,EN,5e373f33a42bce6daa55ea65,,-8
2022-11-30 18:15:20,2022-11-30 18:15:58,0,66.58.201.11,100,38,1,2022-11-30 18:15:59,R_reSWiOezbZhs0zT,,,,,61.2115,-149.8736,anonymous,EN,5c054e8a553fb800011917d7,-2,
2022-11-30 18:15:47,2022-11-30 18:16:11,0,70.136.19.114,100,23,1,2022-11-30 18:16:11,R_1IaNQEXNzmuXUSi,,,,,33.8332,-84.6031,anonymous,EN,5f5e401d77501a6b82743d56,-2,
2022-11-30 18:16:01,2022-11-30 18:16:21,0,134.215.168.38,100,19,1,2022-11-30 18:16:22,R_XuB6S8va3rEvVbb,,,,,30.7968,-81.7051,anonymous,EN,58c38ef58158840001b5c230,,6
2022-11-30 18:16:18,2022-11-30 18:16:37,0,47.188.137.41,100,18,1,2022-11-30 18:16:37,R_2775tGN4fVWvRTE,,,,,33.0326,-96.7859,anonymous,EN,62838cdc775f6094ddf0664b,-10,
2022-11-30 18:16:16,2022-11-30 18:17:16,0,76.26.172.197,100,60,1,2022-11-30 18:17:16,R_1jCBhjCtrRqEtL2,,,,,27.451,-80.3357,anonymous,EN,5b9bca2b948c2c0001fb01e0,,-4
2022-11-30 18:16:06,2022-11-30 18:17:29,0,73.80.66.79,100,82,1,2022-11-30 18:17:29,R_Yc7EJsmS02ubd05,,,,,40.7182,-74.0476,anonymous,EN,610817e75d1ed4e2f023f912,5,
2022-11-30 18:16:45,2022-11-30 18:17:34,0,69.228.147.103,100,49,1,2022-11-30 18:17:34,R_2qkpyepD2oOCtTX,,,,,36.1219,-79.7777,anonymous,EN,5fc50bb38378c80ac88354ef,-10,
2022-11-30 18:17:17,2022-11-30 18:17:34,0,68.225.190.240,100,16,1,2022-11-30 18:17:34,R_3R4VZGyjwOGntde,,,,,36.8721,-76.3885,anonymous,EN,6016c24ec5b6eb86fb473dc4,,-7
2022-11-30 18:18:17,2022-11-30 18:18:37,0,174.64.110.186,100,20,1,2022-11-30 18:18:38,R_3EMBgntCpPmTh3N,,,,,29.6959,-82.4042,anonymous,EN,62fba94eb9fa739bef4eae5f,8,
2022-11-30 18:18:09,2022-11-30 18:18:42,0,74.135.81.119,100,32,1,2022-11-30 18:18:42,R_2SqKybKoRvPW8KL,,,,,39.6062,-84.1695,anonymous,EN,62d45732f94a20bd3dd3534e@email.prolific.co,,4
2022-11-30 18:18:12,2022-11-30 18:18:46,0,32.220.173.135,100,34,1,2022-11-30 18:18:46,R_DlfBK2SdRb9l3Sp,,,,,41.3361,-72.7799,anonymous,EN,605d0d00436a36ad0d8d6fa5,-4,
2022-11-30 18:18:12,2022-11-30 18:18:47,0,108.209.22.211,100,35,1,2022-11-30 18:18:48,R_1fcLiFRsM0pyDou,,,,,42.7686,-86.117,anonymous,EN,6268a3f5379f921275a284f1,,-8
2022-11-30 18:18:12,2022-11-30 18:18:53,0,67.185.168.56,100,41,1,2022-11-30 18:18:54,R_3hckqG291lJT0iI,,,,,47.7577,-117.4144,anonymous,EN,628fa75dcf7f7273127b4614,,-2
2022-11-30 18:18:33,2022-11-30 18:18:57,0,98.239.127.50,100,24,1,2022-11-30 18:18:58,R_3R2ihXj60HCBjcL,,,,,39.1061,-121.6159,anonymous,EN,614f23fabc0fcaa3cdfb9e05,-8,
2022-11-30 18:18:51,2022-11-30 18:19:18,0,73.151.62.129,100,26,1,2022-11-30 18:19:19,R_1o5s2fs3kIowa7r,,,,,36.7539,-119.7085,anonymous,EN,6101ed07f939f9662014e6a1,-3,
2022-11-30 18:18:48,2022-11-30 18:19:25,0,68.45.57.164,100,37,1,2022-11-30 18:19:26,R_2P6jAxspnw9MYeA,,,,,39.1215,-86.5784,anonymous,EN,6384c52de6950f866e158fbe,-4,
2022-11-30 18:19:01,2022-11-30 18:19:27,0,107.126.24.109,100,26,1,2022-11-30 18:19:27,R_1FnPptkyT4a8G9V,,,,,39.7388,-104.9868,anonymous,EN,60c7c096903b9b083aa00c4f,,-10
2022-11-30 18:18:46,2022-11-30 18:19:32,0,47.147.66.178,100,46,1,2022-11-30 18:19:33,R_UXYtLCbgQ2oa4Df,,,,,33.8321,-118.1739,anonymous,EN,632ab708d83cdfcafa433244,,-8
2022-11-30 18:19:27,2022-11-30 18:19:59,0,128.138.65.100,100,31,1,2022-11-30 18:20:00,R_Y4Vp3DFe8qHqpqN,,,,,40.0142,-105.2853,anonymous,EN,6328817c90a7f703ded34c91,1,
2022-11-30 18:19:45,2022-11-30 18:20:11,0,204.137.234.214,100,26,1,2022-11-30 18:20:12,R_2rB2dNIDIV2dQFY,,,,,45.0016,-68.6383,anonymous,EN,6287a504c4cb277cf781b6bb,-2,
2022-11-30 18:19:47,2022-11-30 18:20:14,0,68.13.240.148,100,27,1,2022-11-30 18:20:15,R_pPIIpPd6KTrTcIh,,,,,36.0944,-95.9717,anonymous,EN,55a75835fdf99b26395fae40,,8
2022-11-30 18:19:44,2022-11-30 18:20:34,0,207.38.161.22,100,49,1,2022-11-30 18:20:35,R_0MqFCez8jRy5RaF,,,,,40.7609,-73.9115,anonymous,EN,633f46f05bc4c6198322424a,2,
2022-11-30 18:22:04,2022-11-30 18:22:41,0,98.13.227.176,100,37,1,2022-11-30 18:22:42,R_296rGvR7eVIX0P1,,,,,40.6857,-73.8532,anonymous,EN,5f524e7407f3574c7f05fa45,-6,
2022-11-30 18:22:04,2022-11-30 18:22:49,0,72.197.120.218,100,45,1,2022-11-30 18:22:49,R_AdldG44U8StwdlD,,,,,32.7449,-117.165,anonymous,EN,62e5ed723490aa324bc05d84,8,
2022-11-30 18:22:27,2022-11-30 18:23:06,0,67.20.226.95,100,38,1,2022-11-30 18:23:06,R_DDfxmo7Qn1suAqR,,,,,40.6217,-79.9431,anonymous,EN,6272aedf6abac2a395291522,,0
2022-11-30 18:23:46,2022-11-30 18:24:18,0,70.177.82.63,100,31,1,2022-11-30 18:24:18,R_tXIpJXyYkjxp91T,,,,,36.0432,-95.8072,anonymous,EN,61507c30291069d83501fdad,,-8
2022-11-30 18:24:27,2022-11-30 18:24:51,0,68.2.151.197,100,24,1,2022-11-30 18:24:51,R_2BhXeGoQNknCqOi,,,,,33.4053,-111.7227,anonymous,EN,6111d3aa2e12fb09c474a445,,4
2022-11-30 18:26:53,2022-11-30 18:27:31,0,73.151.129.231,100,38,1,2022-11-30 18:27:31,R_2woUdBGxeC565nR,,,,,36.7943,-119.8856,anonymous,EN,61213f0d3b4fb00946c94410,-10,
2022-11-30 18:26:11,2022-11-30 18:27:32,0,98.16.93.48,100,80,1,2022-11-30 18:27:32,R_1rHzk4Ajn72Jpa1,,,,,31.1823,-83.7641,anonymous,EN,631b94723014b047b0f8e70a,-4,
2022-11-30 18:27:30,2022-11-30 18:28:12,0,69.117.54.191,100,41,1,2022-11-30 18:28:12,R_2AMvVV781Vc5n4D,,,,,41.2045,-73.1988,anonymous,EN,615e01e53a44a0c3c04378c0,,7
2022-11-30 18:29:02,2022-11-30 18:29:29,0,96.255.74.172,100,27,1,2022-11-30 18:29:30,R_10vnyaBXLAm7Hm9,,,,,38.9637,-77.6099,anonymous,EN,5e28e8819061a50beacc52c5,,-8
2022-11-30 18:29:52,2022-11-30 18:30:31,0,68.191.107.199,100,39,1,2022-11-30 18:30:32,R_RUfyk5GjZbsiZB7,,,,,34.5485,-87.0036,anonymous,EN,5f17821d53d8590009cfc951,0,
2022-11-30 18:33:17,2022-11-30 18:33:32,0,68.37.217.29,100,14,1,2022-11-30 18:33:32,R_2o6G7YvhncXUQsV,,,,,42.6584,-83.2364,anonymous,EN,633c7ca040cfef0504138a57,,-8
2022-11-30 18:34:08,2022-11-30 18:34:47,0,50.4.145.52,100,39,1,2022-11-30 18:34:48,R_2xRelODUMWiVZ7i,,,,,32.853,-79.9876,anonymous,EN,5e059d2bb1fb05fd1f841142,-8,
2022-11-30 18:34:05,2022-11-30 18:34:49,0,73.152.102.174,100,43,1,2022-11-30 18:34:49,R_1pZ6i4mm78C20fu,,,,,37.2532,-80.4347,anonymous,EN,62730c9848db9da9ff3bf670,,-2
2022-11-30 18:36:02,2022-11-30 18:36:47,0,99.6.81.223,100,45,1,2022-11-30 18:36:47,R_2BspUCb7jSViX4W,,,,,37.9935,-121.7015,anonymous,EN,56bd7bf3d4e2180005a86846,,-7
2022-11-30 18:37:48,2022-11-30 18:38:14,0,107.195.42.75,100,26,1,2022-11-30 18:38:15,R_3fPriQryyhg7GED,,,,,34.1027,-118.2231,anonymous,EN,5cfafa8c2bcca70017252f6b,4,
2022-11-30 18:37:45,2022-11-30 18:38:55,0,70.109.133.154,100,69,1,2022-11-30 18:38:55,R_3Eb9I1AwF1mbFxn,,,,,42.7565,-72.0276,anonymous,EN,5dcefcd0307b8d05031d7264,,-6
2022-11-30 18:39:05,2022-11-30 18:39:44,0,35.140.160.150,100,38,1,2022-11-30 18:39:45,R_pgfd2kZtr5r8Rrj,,,,,28.0684,-82.7593,anonymous,EN,5e74f18520ab35040b41d526,10,
2022-11-30 18:41:26,2022-11-30 18:41:46,0,162.255.58.190,100,19,1,2022-11-30 18:41:46,R_Xh5GlQ0R45uaz6h,,,,,41.8502,-87.6736,anonymous,EN,5ee6b328e96056095324e6f5,3,
2022-11-30 18:38:59,2022-11-30 18:41:59,0,68.110.144.148,100,180,1,2022-11-30 18:42:00,R_26eWXYU7ralGAYQ,,,,,36.7969,-76.1797,anonymous,EN,633e64bfaab0e4bed6e5307d,-5,
2022-11-30 18:41:40,2022-11-30 18:42:03,0,75.140.194.210,100,22,1,2022-11-30 18:42:03,R_bfuEoDAOSi4bUHf,,,,,35.332,-78.9212,anonymous,EN,62e026ce2fa7b374d64081b5,,-8
2022-11-30 18:41:34,2022-11-30 18:42:10,0,173.64.68.58,100,35,1,2022-11-30 18:42:10,R_3PIh4ScJ1eZp0vS,,,,,39.2726,-76.8614,anonymous,EN,61089a35dbc0aaf020ab264d,-8,
2022-11-30 18:41:51,2022-11-30 18:42:19,0,47.230.19.3,100,27,1,2022-11-30 18:42:19,R_1jqRPrTuKksbxHn,,,,,40.7547,-73.9614,anonymous,EN,62b36e13ea035314c9270646,,-3
2022-11-30 18:41:56,2022-11-30 18:43:02,0,73.141.243.233,100,66,1,2022-11-30 18:43:03,R_3D2DDHRL7RyN1ov,,,,,40.0172,-75.0883,anonymous,EN,61255c5cd3dc2cfd8fbc101d,-2,
2022-11-30 18:43:19,2022-11-30 18:43:41,0,75.134.241.197,100,21,1,2022-11-30 18:43:41,R_1DZ2v99Hg4h3RuQ,,,,,42.1719,-72.4721,anonymous,EN,633cbe0c6fa76f7cc4ca1099,,
2022-11-30 18:43:00,2022-11-30 18:43:49,0,104.185.203.70,100,48,1,2022-11-30 18:43:49,R_5pT0w5nzS3Q2UV3,,,,,34.0034,-84.4605,anonymous,EN,5692e00c8d93fe000efa0459,,0
2022-11-30 18:43:43,2022-11-30 18:44:17,0,162.229.190.128,100,34,1,2022-11-30 18:44:18,R_XGQpgbroTgTgneh,,,,,37.9043,-122.0584,anonymous,EN,558a327cfdf99b2d75651681,,10
2022-11-30 18:45:27,2022-11-30 18:46:22,0,107.77.226.219,100,55,1,2022-11-30 18:46:22,R_3k5qryV8wX0Vv5S,,,,,40.7653,-73.9589,anonymous,EN,609bf492ae7a337617aa386d,10,
2022-11-30 18:46:12,2022-11-30 18:46:39,0,174.101.236.87,100,27,1,2022-11-30 18:46:39,R_238nDP968vQVF3R,,,,,40.1117,-82.9728,anonymous,EN,606e3ddf19540080228e3a0c,,-5
2022-11-30 18:46:21,2022-11-30 18:46:57,0,167.142.114.11,100,35,1,2022-11-30 18:46:57,R_1ginyXz1YKg4tam,,,,,41.2946,-92.6442,anonymous,EN,5e937e8e4d246b6b4162ae72,-2,
2022-11-30 18:46:54,2022-11-30 18:47:25,0,68.46.36.210,100,30,1,2022-11-30 18:47:25,R_31n6a7nZEu3xRrT,,,,,45.1692,-93.2487,anonymous,EN,62c345831d3aed7142af2c6f,0,
2022-11-30 18:47:17,2022-11-30 18:47:30,0,68.174.145.186,100,12,1,2022-11-30 18:47:30,R_3COXCeWPTmOsIk4,,,,,40.7706,-73.9283,anonymous,EN,614dd9c7fe3afb375e947a27,,3
2022-11-30 18:48:57,2022-11-30 18:49:39,0,98.250.58.69,100,41,1,2022-11-30 18:49:39,R_2xWY6UXZRSWSSI5,,,,,42.7429,-83.272,anonymous,EN,626f66da6044100d5c238a8c,2,
2022-11-30 18:49:52,2022-11-30 18:50:17,0,45.17.163.247,100,25,1,2022-11-30 18:50:18,R_2PcbGllSrwXPYhA,,,,,33.8019,-84.3861,anonymous,EN,5fb97228ff45687f38da7813,,5
2022-11-30 18:49:54,2022-11-30 18:50:18,0,71.202.113.134,100,23,1,2022-11-30 18:50:18,R_1IQKZh7ELv5CU2h,,,,,34.6608,-120.4424,anonymous,EN,634f87d42fa897f3a8e3acad,,0
2022-11-30 18:50:06,2022-11-30 18:50:43,0,174.212.41.26,100,37,1,2022-11-30 18:50:44,R_3CZAJsr45htz2Iv,,,,,28.6344,-81.6221,anonymous,EN,633b24012e9e5ee99690831b,7,
2022-11-30 18:51:15,2022-11-30 18:51:50,0,107.137.159.166,100,35,1,2022-11-30 18:51:50,R_3jcFRLp9JfW7BAz,,,,,35.1712,-80.7939,anonymous,EN,5e14d563c4e155ae93907ae1,,-6
2022-11-30 18:53:06,2022-11-30 18:53:38,0,174.210.224.94,100,32,1,2022-11-30 18:53:39,R_2BlME7okTXtH7YP,,,,,42.8899,-85.6148,anonymous,EN,62d9905bbaae7f1e0113c6e6,-4,
2022-11-30 18:53:19,2022-11-30 18:53:41,0,73.63.161.73,100,22,1,2022-11-30 18:53:42,R_3EXtQ9vgWK2rrQ6,,,,,37.7506,-122.4121,anonymous,EN,5f47f19248a89010ebae8705,,-4
2022-11-30 18:53:28,2022-11-30 18:54:06,0,99.12.190.210,100,38,1,2022-11-30 18:54:07,R_3jfELM8w6cGUP37,,,,,43.0006,-88.22,anonymous,EN,6051536b3e81428095504b35,10,
2022-11-30 18:54:04,2022-11-30 18:55:06,0,75.118.57.218,100,61,1,2022-11-30 18:55:06,R_1N8rVDa2lxeZ8D5,,,,,41.502,-82.0091,anonymous,EN,610f326ceebada4236a67080,2,
2022-11-30 18:54:22,2022-11-30 18:55:24,0,108.6.58.3,100,62,1,2022-11-30 18:55:25,R_3fvLApFnhG9Z7ef,,,,,40.7429,-73.9392,anonymous,EN,63615bfcd7a362fe3bb0842e,,-8
2022-11-30 18:56:29,2022-11-30 18:57:08,0,107.205.70.251,100,38,1,2022-11-30 18:57:08,R_2tg0MJ8s5z5qHJo,,,,,38.9093,-90.16,anonymous,EN,62b07fada18474adc21fa4b1,8,
2022-11-30 18:56:46,2022-11-30 18:57:12,0,108.29.45.243,100,26,1,2022-11-30 18:57:12,R_3kOT5gqHorGPYqt,,,,,40.7809,-73.9502,anonymous,EN,5f1201f1c1ac1410a8f39a21,,-4
2022-11-30 18:57:10,2022-11-30 18:57:29,0,174.210.172.23,100,18,1,2022-11-30 18:57:30,R_2CHAENxeaCFJuS9,,,,,39.0661,-94.6288,anonymous,EN,5d58d7d6280de7001aa7952a,,-2
2022-11-30 18:57:28,2022-11-30 18:58:02,0,73.247.74.98,100,34,1,2022-11-30 18:58:02,R_3QFa1ddHTyogsXe,,,,,41.9209,-87.7043,anonymous,EN,62dc177e02f82aabb20aebc2,0,
2022-11-30 18:57:46,2022-11-30 18:58:20,0,35.146.125.129,100,33,1,2022-11-30 18:58:20,R_3GjIet8LogBUJPd,,,,,26.2823,-98.1825,anonymous,EN,6361482ed4c29c255c584b0f,6,
2022-11-30 18:58:08,2022-11-30 18:58:57,0,172.56.217.58,100,49,1,2022-11-30 18:58:58,R_3oSz1hxRE9mryIY,,,,,39.9207,-75.2674,anonymous,EN,6365b83b80397324720dc562,,1
2022-11-30 18:58:42,2022-11-30 18:59:08,0,35.146.125.129,100,26,1,2022-11-30 18:59:08,R_DTNlOGqmzCcSogN,,,,,26.2823,-98.1825,anonymous,EN,6361482ed4c29c255c584b0f,,8
2022-11-30 18:59:46,2022-11-30 19:00:22,0,173.63.98.178,100,36,1,2022-11-30 19:00:23,R_3qKlksWXC0xIIn7,,,,,40.3909,-74.1153,anonymous,EN,5baa535fa3c9170001156197,,-9
2022-11-30 18:59:57,2022-11-30 19:01:01,0,68.119.193.5,100,64,1,2022-11-30 19:01:02,R_2EveHC4AcvSVjOb,,,,,35.6355,-82.5645,anonymous,EN,62aa4399fa1aadf5ab91fff8,2,
2022-11-30 19:00:27,2022-11-30 19:01:09,0,174.235.212.168,100,41,1,2022-11-30 19:01:09,R_3CNuUxvaT7UmhHM,,,,,41.2581,-95.9325,anonymous,EN,6346ec54d92718e50403c433,,-1
2022-11-30 19:01:22,2022-11-30 19:02:21,0,75.82.110.65,100,59,1,2022-11-30 19:02:22,R_2X5vhalYQptWcsG,,,,,34.1554,-118.5957,anonymous,EN,5d654282986878001c2a5db7,-10,
2022-11-30 19:03:24,2022-11-30 19:04:04,0,71.77.45.58,100,39,1,2022-11-30 19:04:05,R_1PUjEvFBMbM6rWC,,,,,35.7607,-78.7794,anonymous,EN,5bc913d99427200001dd47f5,,-7
2022-11-30 19:06:47,2022-11-30 19:07:08,0,72.130.199.23,100,20,1,2022-11-30 19:07:08,R_1cXFiwsF1R9gxWF,,,,,21.4535,-158.0193,anonymous,EN,5e976f67be609822f1146463,-6,
2022-11-30 19:06:58,2022-11-30 19:07:40,0,107.77.206.156,100,42,1,2022-11-30 19:07:41,R_3PtS1Gdj2pSZkk6,,,,,41.8764,-87.6133,anonymous,EN,5dfe8e7bdc8535b21b18ea2f,,10
2022-11-30 19:06:11,2022-11-30 19:07:41,0,170.253.136.196,100,90,1,2022-11-30 19:07:42,R_voVttcG7k3BDzUJ,,,,,33.4474,-88.8205,anonymous,EN,5d4b1c73cfe6e90017ad8990,6,
2022-11-30 19:07:27,2022-11-30 19:07:53,0,98.118.132.83,100,25,1,2022-11-30 19:07:53,R_RkrGJHTxAsl57C9,,,,,42.7368,-78.8358,anonymous,EN,5b6f49b7d60bdd0001ade437,0,
2022-11-30 19:08:00,2022-11-30 19:08:21,0,52.124.36.118,100,20,1,2022-11-30 19:08:21,R_2cowRqwPsBuBf9g,,,,,41.6489,-83.6015,anonymous,EN,5be87e33a14b540001aa2ea5,,4
2022-11-30 19:06:53,2022-11-30 19:08:48,0,98.153.62.8,100,115,1,2022-11-30 19:08:49,R_2dgypPEFgWAXYKk,,,,,34.0544,-118.244,anonymous,EN,61210b5c3f465c51a7f4166a,,8
2022-11-30 19:08:09,2022-11-30 19:08:48,0,24.1.28.195,100,39,1,2022-11-30 19:08:49,R_3fvNqhxjzB1y1dL,,,,,40.1016,-88.2822,anonymous,EN,63686d18c3ed2b47b0bc5d21,4,
2022-11-30 19:08:44,2022-11-30 19:09:20,0,24.211.66.77,100,36,1,2022-11-30 19:09:21,R_yJ5T0OTLeFUmsmd,,,,,34.1847,-79.7704,anonymous,EN,61fa94015719bc09cb834e2e,,-1
2022-11-30 19:09:50,2022-11-30 19:10:11,0,108.87.157.82,100,21,1,2022-11-30 19:10:12,R_d6C9Ciitzrw2bqV,,,,,36.0964,-86.8212,anonymous,EN,5ef00061e45c1f1988455df5,,-4
2022-11-30 19:10:54,2022-11-30 19:12:10,0,107.77.236.230,100,76,1,2022-11-30 19:12:11,R_Rn9oM3E0EqHjjdT,,,,,33.7485,-84.3871,anonymous,EN,5aad9c53c4914b0001a39659,,-10
2022-11-30 19:14:14,2022-11-30 19:14:35,0,71.46.100.169,100,20,1,2022-11-30 19:14:36,R_2CCm6XuvbsVCP45,,,,,39.7436,-86.1158,anonymous,EN,5c27e76978fad500019328cc,8,
2022-11-30 19:14:17,2022-11-30 19:14:37,0,75.110.13.44,100,19,1,2022-11-30 19:14:38,R_snbUfDEHVV7NMWJ,,,,,35.5891,-77.345,anonymous,EN,61086359aa7aece92b0733e3,,-10
2022-11-30 19:15:06,2022-11-30 19:15:33,0,174.202.199.183,100,27,1,2022-11-30 19:15:33,R_3R2igbFHFyLqq7T,,,,,36.1671,-86.7861,anonymous,EN,5f496b791798ec4d6340620d,,7
2022-11-30 19:16:07,2022-11-30 19:16:31,0,174.209.194.102,100,24,1,2022-11-30 19:16:32,R_2QJJxkpdftYgnTF,,,,,33.8019,-84.3861,anonymous,EN,60fbed5d2532f7768e7b5a29,,-10
2022-11-30 19:15:59,2022-11-30 19:16:35,0,108.232.183.146,100,35,1,2022-11-30 19:16:35,R_3nfuJhO9zXtV7vg,,,,,30.5154,-97.6689,anonymous,EN,63461a2e4fbbd9b9d80197db,-2,
2022-11-30 19:16:15,2022-11-30 19:16:36,0,67.2.19.96,100,21,1,2022-11-30 19:16:36,R_3fZ666KXM33VATA,,,,,40.65,-112.0061,anonymous,EN,615009a911243c691332e533,-4,
2022-11-30 19:14:06,2022-11-30 19:16:44,0,162.226.196.218,100,157,1,2022-11-30 19:16:45,R_1n6YriUc3xtNFgO,,,,,34.3543,-83.8898,anonymous,EN,60721a45b75cb8f4b00abd05,,-10
2022-11-30 19:19:39,2022-11-30 19:20:00,0,99.100.174.155,100,21,1,2022-11-30 19:20:01,R_2QPZeeq9DshG1uF,,,,,29.521,-98.362,anonymous,EN,601750d7a0361e9a5e4fdc56,,2
2022-11-30 19:22:21,2022-11-30 19:22:45,0,73.34.133.178,100,24,1,2022-11-30 19:22:46,R_2y3MLCPi7b9s51r,,,,,40.1452,-105.1667,anonymous,EN,5dea5ba4446c901777bde897,-10,
2022-11-30 19:24:14,2022-11-30 19:25:03,0,66.45.130.165,100,48,1,2022-11-30 19:25:04,R_27m0ryQcLtKgUsb,,,,,38.9683,-95.2695,anonymous,EN,63856845134e9c850a9e38f7,0,
2022-11-30 19:24:49,2022-11-30 19:25:18,0,174.240.16.217,100,29,1,2022-11-30 19:25:19,R_2YzC7siCP916M0Z,,,,,33.5594,-112.0902,anonymous,EN,637e4f6a7d2ec33d650d63c0,-3,
2022-11-30 19:25:39,2022-11-30 19:27:22,0,66.31.21.140,100,102,1,2022-11-30 19:27:22,R_1DXVyc0HjFZaXoh,,,,,42.3912,-71.0882,anonymous,EN,5ea511caa6974a4e8de26ac1,,0
2022-11-30 19:27:03,2022-11-30 19:27:23,0,72.83.85.53,100,20,1,2022-11-30 19:27:24,R_1LzLZ5yL7fkVz9l,,,,,38.9034,-76.9882,anonymous,EN,632890876b6124c7a15d06f6,-4,
2022-11-30 19:29:30,2022-11-30 19:30:23,0,70.57.82.233,100,53,1,2022-11-30 19:30:23,R_1ds2wpDRMQ78JSy,,,,,37.2117,-93.299,anonymous,EN,5484655ffdf99b07b28f22cc,,4
2022-11-30 19:31:38,2022-11-30 19:32:27,0,107.77.202.233,100,48,1,2022-11-30 19:32:28,R_1KfekU9XFdxSRyU,,,,,39.2909,-76.6096,anonymous,EN,60632b562ed6028c6bb905a6,,0
2022-11-30 19:32:07,2022-11-30 19:32:30,0,69.235.49.42,100,22,1,2022-11-30 19:32:31,R_1r3sWsdA7dTs1HK,,,,,39.6823,-84.1594,anonymous,EN,601e1253bbecc3279e4fb472,-6,
2022-11-30 19:32:16,2022-11-30 19:32:47,0,99.75.107.157,100,30,1,2022-11-30 19:32:47,R_2TGbdiyFuZOYIa4,,,,,32.4699,-90.1102,anonymous,EN,6266a84a363636eab2c40c41,,0
2022-11-30 19:33:12,2022-11-30 19:33:35,0,74.139.129.131,100,23,1,2022-11-30 19:33:36,R_x3Cdn9CQvYgR7Z7,,,,,37.1504,-84.5228,anonymous,EN,6073640883b8547a9b73569a,2,
2022-11-30 19:33:58,2022-11-30 19:34:20,0,74.140.199.238,100,22,1,2022-11-30 19:34:21,R_294SqXsy5vncwWD,,,,,39.7589,-84.0618,anonymous,EN,5bebd4111296920001d55c5a,,5
2022-11-30 19:35:05,2022-11-30 19:35:28,0,23.113.24.52,100,23,1,2022-11-30 19:35:29,R_3EcHzuqocWmfkFs,,,,,32.7794,-117.1366,anonymous,EN,63161c28f7f6c1d0f60b054f,-10,
2022-11-30 19:35:22,2022-11-30 19:35:51,0,72.208.130.10,100,28,1,2022-11-30 19:35:52,R_1gunfv8qswGZhro,,,,,33.7147,-112.2401,anonymous,EN,5c8974ef34daa70015e92daf,,5
2022-11-30 19:35:37,2022-11-30 19:35:55,0,72.235.49.194,100,17,1,2022-11-30 19:35:55,R_2YKZDsZq7nYEkK4,,,,,21.3513,-157.8725,anonymous,EN,62e0538d0e9c0e4d57e852d2,-9,
2022-11-30 19:35:42,2022-11-30 19:36:19,0,172.56.6.8,100,36,1,2022-11-30 19:36:19,R_1qergKZvFcGSXge,,,,,35.42,-97.5561,anonymous,EN,5ff5f6c52171e10f72d3610c,4,
2022-11-30 19:26:47,2022-11-30 19:37:23,0,73.103.12.36,100,636,1,2022-11-30 19:37:23,R_3QJL9rJqG8whQFP,,,,,40.399,-86.8575,anonymous,EN,5d82d28977546f00166ae702,,
2022-11-30 19:38:36,2022-11-30 19:38:58,0,207.204.56.218,100,22,1,2022-11-30 19:38:59,R_10GhNJ5rXpHPE3B,,,,,40.3833,-111.9895,anonymous,EN,594a969df0ea1b0001558178,,8
2022-11-30 19:41:33,2022-11-30 19:42:25,0,217.180.219.251,100,52,1,2022-11-30 19:42:26,R_2xPiiM4VWHGuaWP,,,,,42.7367,-84.4758,anonymous,EN,62852363a0fc88e63c6c1c16,-6,
2022-11-30 19:44:03,2022-11-30 19:44:47,0,108.93.163.157,100,43,1,2022-11-30 19:44:47,R_2qEuiGW1qtlIWRB,,,,,42.2324,-83.7017,anonymous,EN,614f4893a7f27d638ea5e58c,,0
2022-11-30 19:43:35,2022-11-30 19:45:16,0,98.39.12.191,100,101,1,2022-11-30 19:45:17,R_wQWOtcQPbnQ5Rhn,,,,,29.7912,-95.4182,anonymous,EN,627a861608f88b4d143e3738,-7,
2022-11-30 19:46:11,2022-11-30 19:46:30,0,68.203.58.164,100,18,1,2022-11-30 19:46:30,R_1eRbYDY8AaHSPX2,,,,,30.0778,-93.8609,anonymous,EN,6323a90c380df6eb64255d6f,,10
2022-11-30 19:46:09,2022-11-30 19:46:38,0,71.3.192.203,100,28,1,2022-11-30 19:46:38,R_27eZgWyI17fUvMA,,,,,26.3172,-81.6154,anonymous,EN,5ebc74759921f30c68adcc7a,,-2
2022-11-30 19:46:56,2022-11-30 19:47:30,0,76.26.99.170,100,33,1,2022-11-30 19:47:30,R_3lKxOqUxCfcBZ57,,,,,35.141,-106.711,anonymous,EN,5c7e843f9c3fc00016f4e5a1,,3
2022-11-30 19:47:28,2022-11-30 19:48:11,0,174.202.68.255,100,43,1,2022-11-30 19:48:12,R_3HZkamtlZ4B8McP,,,,,39.8291,-86.0859,anonymous,EN,637ce608b8f8f923bf784d84,2,
2022-11-30 19:48:18,2022-11-30 19:48:36,0,99.87.217.8,100,17,1,2022-11-30 19:48:36,R_3saGAlXsIZlf91S,,,,,32.8964,-96.8635,anonymous,EN,5ef3832ddd7d5a0f19b24f20,,10
2022-11-30 19:47:43,2022-11-30 19:48:49,0,99.119.17.13,100,66,1,2022-11-30 19:48:50,R_1ihzFIQaLXCtN7L,,,,,33.6124,-117.6401,anonymous,EN,628778b9bd0dbcd8fa2eeb3a,9,
2022-11-30 19:50:59,2022-11-30 19:51:28,0,68.80.231.215,100,29,1,2022-11-30 19:51:29,R_3Jrx49aZ6nGenvK,,,,,39.9486,-75.2339,anonymous,EN,610d505ad461a3607f6ec804,6,
2022-11-30 19:51:15,2022-11-30 19:51:44,0,108.28.74.254,100,29,1,2022-11-30 19:51:45,R_2WGxp7kKIWMVj3s,,,,,38.8263,-77.2111,anonymous,EN,5aa6e29435237b0001130d68,,6
2022-11-30 19:55:04,2022-11-30 19:56:12,0,98.227.167.187,100,68,1,2022-11-30 19:56:12,R_6nXBM6qkuGR8xMd,,,,,41.2535,-87.8474,anonymous,EN,627920bf48e6cf4191a98f65,,-1
2022-11-30 19:54:46,2022-11-30 19:56:18,0,72.188.106.28,100,92,1,2022-11-30 19:56:18,R_z87znmnVOSpSiNX,,,,,28.5464,-81.2585,anonymous,EN,63460f79457f687948f53b88,-2,
2022-11-30 19:56:16,2022-11-30 19:56:48,0,73.191.18.125,100,31,1,2022-11-30 19:56:48,R_29bKphr7Q6SZVV7,,,,,39.2934,-75.6018,anonymous,EN,5c88725629e4730012a00a4e,4,
2022-11-30 19:56:51,2022-11-30 19:57:11,0,72.188.106.28,100,19,1,2022-11-30 19:57:11,R_1lblxjIHZy4MtXk,,,,,28.5464,-81.2585,anonymous,EN,63460f79457f687948f53b88,0,
2022-11-30 19:58:38,2022-11-30 19:59:15,0,108.28.20.52,100,37,1,2022-11-30 19:59:15,R_27rL6y82lSeU2X7,,,,,38.7481,-77.2383,anonymous,EN,58be2fc3bfc0f4000179f3c5,1,
2022-11-30 20:00:28,2022-11-30 20:00:59,0,71.163.104.254,100,30,1,2022-11-30 20:00:59,R_pQxOVrwXIwFFshH,,,,,38.9208,-77.036,anonymous,EN,62c79dafb9222348d5e5a90c,8,
2022-11-30 20:01:06,2022-11-30 20:01:37,0,97.91.54.232,100,30,1,2022-11-30 20:01:37,R_2TYNK8t63mwKzk5,,,,,44.2504,-85.43,anonymous,EN,6144834d136ed7f27d2dbe60,,-8
2022-11-30 20:04:38,2022-11-30 20:05:02,0,64.121.111.142,100,23,1,2022-11-30 20:05:02,R_6fn7o7txO88R9TP,,,,,40.5885,-75.4642,anonymous,EN,60feef287e50bd7f55933e65,,-5
2022-11-30 20:04:44,2022-11-30 20:05:23,0,108.208.206.161,100,38,1,2022-11-30 20:05:23,R_125w974IBlYCJ1G,,,,,33.8206,-118.034,anonymous,EN,5caec6b270da3100017f35de,-4,
2022-11-30 20:04:18,2022-11-30 20:05:31,0,50.24.56.74,100,73,1,2022-11-30 20:05:31,R_22t3KgKyMT81aXW,,,,,30.6623,-96.3349,anonymous,EN,62c2e1dcee1194bef7151c26,10,
2022-11-30 20:09:44,2022-11-30 20:10:11,0,76.169.194.159,100,26,1,2022-11-30 20:10:11,R_2rZOVTEuNtyoJRS,,,,,33.8782,-117.9567,anonymous,EN,63614edb8ec467e6999ff831,,-2
2022-11-30 20:15:00,2022-11-30 20:15:25,0,67.198.79.140,100,24,1,2022-11-30 20:15:25,R_OCMaYqcdSNkT4t3,,,,,30.3023,-97.6914,anonymous,EN,5d76d2f7daf4bf00164d585b,-7,
2022-11-30 20:15:41,2022-11-30 20:16:11,0,108.27.247.30,100,29,1,2022-11-30 20:16:11,R_2QEhAbUu42rxnnM,,,,,40.7809,-73.9502,anonymous,EN,62c8c2d71e87b86722f0215b,,8
2022-11-30 20:17:23,2022-11-30 20:17:53,0,72.172.217.226,100,29,1,2022-11-30 20:17:53,R_AoB5fefZjVi7qW5,,,,,37.7676,-92.2105,anonymous,EN,5b75e9ca218c0f00010801fd,,0
2022-11-30 20:17:41,2022-11-30 20:18:14,0,50.225.48.99,100,32,1,2022-11-30 20:18:15,R_3RwRuZ4MPQeI4tQ,,,,,29.6856,-95.1186,anonymous,EN,62e33513e972718797c9aaeb,-10,
2022-11-30 20:17:09,2022-11-30 20:18:29,0,47.180.211.149,100,80,1,2022-11-30 20:18:30,R_2tcheZRKqXRVbTu,,,,,34.197,-118.8199,anonymous,EN,6102ced1a983f0479d576146,-6,
2022-11-30 20:19:29,2022-11-30 20:19:44,0,65.229.9.176,100,14,1,2022-11-30 20:19:44,R_b4mZHOkrRxJB1C1,,,,,37.751,-97.822,anonymous,EN,5513256cfdf99b1607b1f47b,,-10
2022-11-30 20:19:34,2022-11-30 20:20:26,0,98.61.63.249,100,51,1,2022-11-30 20:20:26,R_6RV6NtkDo30aHkJ,,,,,45.08,-93.0227,anonymous,EN,62bd1d1283b326cde10cf27a,8,
2022-11-30 20:23:45,2022-11-30 20:24:20,0,70.114.99.6,100,35,1,2022-11-30 20:24:20,R_1nW50ZQwcmUEq01,,,,,33.0928,-96.6454,anonymous,EN,615dbec57d764bf5ab0a56e5,,8
2022-11-30 20:24:52,2022-11-30 20:25:19,0,50.4.222.6,100,26,1,2022-11-30 20:25:19,R_2VIW7mIuzLXtKYy,,,,,42.3344,-83.1756,anonymous,EN,636163cbd59e832f1e77ddd9,-4,
2022-11-30 20:25:08,2022-11-30 20:26:22,0,174.231.22.214,100,73,1,2022-11-30 20:26:22,R_3FOjh68xzPaQ7iK,,,,,33.6563,-112.1706,anonymous,EN,6384d4bc8b67be0a6cb53086,,4
2022-11-30 20:26:55,2022-11-30 20:28:04,0,172.14.52.56,100,69,1,2022-11-30 20:28:05,R_w7qRntPcNTp7YAx,,,,,33.0924,-117.2624,anonymous,EN,6336ff9ce83133623e62b6f1,6,
2022-11-30 20:29:29,2022-11-30 20:30:16,0,209.6.62.39,100,47,1,2022-11-30 20:30:16,R_2YQv2ZFvxxuzPgn,,,,,42.3634,-71.0713,anonymous,EN,5d9532e77f3bc20015602008,5,
2022-11-30 20:31:17,2022-11-30 20:31:43,0,69.247.38.1,100,26,1,2022-11-30 20:31:44,R_1Du27e1OZ79JhM1,,,,,26.6292,-81.968,anonymous,EN,5e7a6846f0f631000a4e2b9d,,10
2022-11-30 20:32:18,2022-11-30 20:32:42,0,23.120.186.190,100,24,1,2022-11-30 20:32:43,R_2dWpGBdUUHaNoAW,,,,,36.1886,-95.9842,anonymous,EN,62029b72ef1cb18a1337c839,-7,
2022-11-30 20:38:57,2022-11-30 20:39:23,0,75.31.42.165,100,25,1,2022-11-30 20:39:23,R_3QEn1KLGHzLNtme,,,,,35.6211,-97.4757,anonymous,EN,5e8fb6ba9b5ff02b5150ab10,-8,
2022-11-30 20:39:49,2022-11-30 20:40:30,0,24.62.163.174,100,40,1,2022-11-30 20:40:30,R_336V25AREZyhO4J,,,,,43.011,-71.4571,anonymous,EN,63403b7f3fd164408c5ad4b0,,2
2022-11-30 20:40:11,2022-11-30 20:40:34,0,68.95.123.140,100,22,1,2022-11-30 20:40:34,R_1GJ6N6eHPMPERSb,,,,,33.7329,-118.2951,anonymous,EN,62d1b156b6d61bf9a721174a,-8,
2022-11-30 20:42:22,2022-11-30 20:43:26,0,67.1.227.82,100,63,1,2022-11-30 20:43:26,R_31o0I9mn1A4yFcT,,,,,32.213,-110.8279,anonymous,EN,5ea45eb9abef8a07bcced2bc,,5
2022-11-30 21:30:28,2022-11-30 21:31:06,0,24.34.225.199,100,38,1,2022-11-30 21:31:06,R_2AFGN5o1yQl3im8,,,,,41.7299,-72.8433,anonymous,EN,5f6cd1061eba7b0de28b704d,-2,
2022-11-24 11:02:37,2022-11-24 11:03:48,0,72.175.49.82,83,70,0,2022-12-01 11:03:50,R_3hbzKq4yjuobenN,,,,,,,anonymous,EN,62732b93260c9b7704b85540,,4
2022-12-01 11:58:02,2022-12-01 11:58:52,0,72.24.52.131,100,49,1,2022-12-01 11:58:52,R_3OFT6L7nTz2XOeJ,,,,,34.6537,-99.3252,anonymous,EN,5ff02540e44df43b05c7ef9e,-4,
2022-12-01 20:20:31,2022-12-01 20:20:55,0,104.14.117.169,100,23,1,2022-12-01 20:20:55,R_2SwvlLGvfaVW4Sd,,,,,32.8964,-96.8635,anonymous,EN,5ed5b715e7c33a15f69dff3e,-7,
2022-12-02 14:28:58,2022-12-02 14:29:33,0,104.228.74.196,100,34,1,2022-12-02 14:29:33,R_1IXHe339NyNr2wu,,,,,42.1506,-76.0551,anonymous,EN,5c3f9952e0ea8200014686f1,,-3
2022-12-02 19:44:37,2022-12-02 19:57:32,0,73.232.21.244,100,774,1,2022-12-02 19:57:33,R_b7oZiRspBkVmvER,,,,,29.8627,-95.5846,anonymous,EN,62c37638a93211ca8441aadb,-10,
2022-12-03 04:44:19,2022-12-03 04:44:39,0,104.51.170.129,100,19,1,2022-12-03 04:44:40,R_1LOvnBSVx8f4ANk,,,,,33.5137,-83.8699,anonymous,EN,6101ca2b4ef4ff44381fe3cd,-6,
2022-12-03 07:03:40,2022-12-03 07:04:58,0,70.115.193.145,100,78,1,2022-12-03 07:04:58,R_1PY8UZwQlSWadw4,,,,,29.4102,-100.8932,anonymous,EN,638a8d01f30315f8cfe73670,,0
2022-12-03 17:09:39,2022-12-03 17:10:06,0,75.109.228.61,100,27,1,2022-12-03 17:10:06,R_qXicARFFSnatsxX,,,,,38.4203,-81.9947,anonymous,EN,631cf52e293371776b9b0c28,-10,
2022-11-26 19:16:09,2022-11-26 19:16:57,0,75.140.171.159,83,47,0,2022-12-03 19:17:04,R_1H5AE7EhUpwKkbV,,,,,,,anonymous,EN,610ac699ad8b370074179962,-4,
2022-11-26 20:19:33,2022-11-26 20:20:25,0,184.166.243.204,83,51,0,2022-12-03 20:20:28,R_vPRMjXdebQvLDSp,,,,,,,anonymous,EN,60c19574351b619a4cb95e6d,,7
2022-11-26 22:46:36,2022-11-26 22:47:04,0,174.106.38.152,83,27,0,2022-12-03 22:47:06,R_31KTBuNeLbjkkhv,,,,,,,anonymous,EN,591ed2c61c6d600001aafddd,,10
2022-11-27 01:02:12,2022-11-27 01:02:34,0,174.197.197.161,83,22,0,2022-12-04 01:02:36,R_30uVVq5qleD7fz7,,,,,,,anonymous,EN,5a78e1f3aa46dd00016b310e,-8,
2022-12-04 07:56:10,2022-12-04 07:57:17,0,104.177.68.16,100,67,1,2022-12-04 07:57:18,R_XFcjeg6Cii3kSAx,,,,,41.3847,-81.7982,anonymous,EN,5cb56689b34d310018c83a8c,-3,
2022-11-27 12:10:31,2022-11-27 12:11:22,0,73.45.139.105,83,50,0,2022-12-04 12:11:26,R_UtPHDI51uJRYdTH,,,,,,,anonymous,EN,5febed303ce806d4d1b352db,,-8
2022-11-27 20:17:42,2022-11-27 20:18:34,0,174.125.30.26,83,51,0,2022-12-04 20:18:36,R_10SNPwerEQ6itET,,,,,,,anonymous,EN,59f0f82ce75b450001a699ad,5,
2022-12-05 03:24:06,2022-12-05 03:24:37,0,24.255.42.202,100,30,1,2022-12-05 03:24:37,R_2dAaQ63P2Lv3dNW,,,,,33.3121,-111.8213,anonymous,EN,616a4698baaf63a781ba09c6,8,
2022-12-05 11:29:37,2022-12-05 11:30:17,0,70.235.251.250,100,40,1,2022-12-05 11:30:18,R_3enur74f2fDFDFD,,,,,30.1569,-95.7414,anonymous,EN,638e307425f63a35dc05efac,-8,
2022-11-28 16:26:58,2022-11-28 16:27:26,0,173.172.175.43,83,28,0,2022-12-05 16:27:31,R_33kJ0YgjUSYgkzU,,,,,,,anonymous,EN,610aaf651f5e36d3a76b199f,,-6
2022-11-28 17:38:21,2022-11-28 17:40:08,0,69.181.120.87,83,107,0,2022-12-05 17:40:09,R_1OisYl2BH38xkke,,,,,,,anonymous,EN,63851c4704abc2c8d096c2f4,6,
2022-12-05 22:52:19,2022-12-05 22:52:49,0,108.5.199.159,100,29,1,2022-12-05 22:52:49,R_Y9sThNVpUWF2Bd7,,,,,40.8318,-74.121,anonymous,EN,6318eba13108db1c1b9303bc,,4
2022-11-29 00:17:59,2022-11-29 00:18:44,0,160.3.16.109,83,44,0,2022-12-06 00:18:45,R_BE9cf8iZB23wpmp,,,,,,,anonymous,EN,61269b5e6112ad701857d46d,,5
2022-11-29 10:01:58,2022-11-29 10:02:27,0,99.25.245.42,83,29,0,2022-12-06 10:02:28,R_28VhmQSY949TsNs,,,,,,,anonymous,EN,63614a4856d50185749ffb4e,3,
2022-11-29 11:00:26,2022-11-29 11:01:12,0,71.38.152.24,83,46,0,2022-12-06 11:01:18,R_25XTYeGsyiZRusM,,,,,,,anonymous,EN,627a949111093bf6cf062f93,,5
2022-12-06 16:51:20,2022-12-06 16:51:43,0,98.39.41.78,100,22,1,2022-12-06 16:51:43,R_3nx6pAAg3rQijOT,,,,,29.6731,-95.5856,anonymous,EN,62e0dcc18007e8ba41769dd8,-1,
